xyz_index_1based,role,source_label,element
1,axle_phosphine,P4,P
2,Au,Au5,Au
3,axle_phosphine,C45,C
4,axle_phosphine,C46,C
5,axle_phosphine,C47,C
6,axle_phosphine,C48,C
7,axle_phosphine,H49,H
8,axle_phosphine,C50,C
9,axle_phosphine,H51,H
10,axle_phosphine,C52,C
11,axle_phosphine,H53,H
12,axle_phosphine,H54,H
13,axle_phosphine,H55,H
14,axle_phosphine,C56,C
15,axle_phosphine,C57,C
16,axle_phosphine,C58,C
17,axle_phosphine,C59,C
18,axle_phosphine,H60,H
19,axle_phosphine,C61,C
20,axle_phosphine,H62,H
21,axle_phosphine,C63,C
22,axle_phosphine,H64,H
23,axle_phosphine,H65,H
24,axle_phosphine,H66,H
25,axle_phosphine,O136,O
26,axle_phosphine,N137,N
27,axle_phosphine,O138,O
28,axle_phosphine,C139,C
29,axle_phosphine,C140,C
30,axle_phosphine,N141,N
31,axle_phosphine,C142,C
32,axle_phosphine,N143,N
33,axle_phosphine,C144,C
34,axle_phosphine,H145,H
35,axle_phosphine,H146,H
36,axle_phosphine,C147,C
37,axle_phosphine,H148,H
38,axle_phosphine,C149,C
39,axle_phosphine,H150,H
40,axle_phosphine,C151,C
41,axle_phosphine,H152,H
42,axle_phosphine,C153,C
43,axle_phosphine,H154,H
44,axle_phosphine,C155,C
45,axle_phosphine,H156,H
46,axle_phosphine,C157,C
47,axle_phosphine,H158,H
48,axle_phosphine,C159,C
49,axle_phosphine,C160,C
50,axle_phosphine,H161,H
51,axle_phosphine,H162,H
52,axle_phosphine,H163,H
53,axle_phosphine,C164,C
54,axle_phosphine,H165,H
55,axle_phosphine,C166,C
56,axle_phosphine,H167,H
57,axle_phosphine,H168,H
58,axle_phosphine,H169,H
59,axle_phosphine,C170,C
60,axle_phosphine,H171,H
61,axle_phosphine,H172,H
62,axle_phosphine,C173,C
63,axle_phosphine,C174,C
64,axle_phosphine,C175,C
65,axle_phosphine,C176,C
66,axle_phosphine,C177,C
67,axle_phosphine,C178,C
68,axle_phosphine,H179,H
69,axle_phosphine,H180,H
70,axle_phosphine,H181,H
71,axle_phosphine,H182,H
72,axle_phosphine,H183,H
73,Cu,Cu185,Cu
74,axle_phosphine,C186,C
75,axle_phosphine,H187,H
76,axle_phosphine,H188,H
77,macrocycle,N67,N
78,macrocycle,N68,N
79,macrocycle,C69,C
80,macrocycle,H70,H
81,macrocycle,C71,C
82,macrocycle,O72,O
83,macrocycle,O73,O
84,macrocycle,C74,C
85,macrocycle,C75,C
86,macrocycle,C76,C
87,macrocycle,H77,H
88,macrocycle,C78,C
89,macrocycle,H79,H
90,macrocycle,C80,C
91,macrocycle,C81,C
92,macrocycle,H82,H
93,macrocycle,C83,C
94,macrocycle,H84,H
95,macrocycle,C85,C
96,macrocycle,H86,H
97,macrocycle,C87,C
98,macrocycle,C88,C
99,macrocycle,H89,H
100,macrocycle,H90,H
101,macrocycle,C91,C
102,macrocycle,H92,H
103,macrocycle,C93,C
104,macrocycle,C94,C
105,macrocycle,H95,H
106,macrocycle,C96,C
107,macrocycle,C97,C
108,macrocycle,H98,H
109,macrocycle,C99,C
110,macrocycle,H100,H
111,macrocycle,C101,C
112,macrocycle,H102,H
113,macrocycle,H103,H
114,macrocycle,C104,C
115,macrocycle,H105,H
116,macrocycle,H106,H
117,macrocycle,C107,C
118,macrocycle,C108,C
119,macrocycle,H109,H
120,macrocycle,H110,H
121,macrocycle,C111,C
122,macrocycle,H112,H
123,macrocycle,C113,C
124,macrocycle,C114,C
125,macrocycle,H115,H
126,macrocycle,H116,H
127,macrocycle,C117,C
128,macrocycle,H118,H
129,macrocycle,H119,H
130,macrocycle,C120,C
131,macrocycle,H121,H
132,macrocycle,C122,C
133,macrocycle,H123,H
134,macrocycle,C124,C
135,macrocycle,H125,H
136,macrocycle,H126,H
137,macrocycle,C127,C
138,macrocycle,H128,H
139,macrocycle,H129,H
140,macrocycle,C130,C
141,macrocycle,H131,H
142,macrocycle,H132,H
143,macrocycle,C133,C
144,macrocycle,H134,H
145,macrocycle,H135,H
146,macrocycle,H184,H
147,common_carbene_core,C1,C
148,common_carbene_core,C2,C
149,common_carbene_core,C3,C
150,common_carbene_core,H8,H
151,common_carbene_core,O23,O
152,common_carbene_core,C24,C
153,common_carbene_core,O25,O
154,common_carbene_core,C26,C
155,common_carbene_core,H27,H
156,common_carbene_core,H28,H
157,common_carbene_core,H29,H
158,common_carbene_core,C30,C
159,common_carbene_core,H31,H
160,common_carbene_core,H32,H
161,common_carbene_core,H33,H
162,acyl_substituent,C,C
163,acyl_substituent,C,C
164,acyl_substituent,H,H
165,acyl_substituent,H,H
166,acyl_substituent,H,H
167,acyl_substituent,C,C
168,acyl_substituent,H,H
169,acyl_substituent,H,H
170,acyl_substituent,H,H
171,acyl_substituent,C,C
172,acyl_substituent,H,H
173,acyl_substituent,H,H
174,acyl_substituent,H,H
