frame,weight,vbur_percent,g_percent
1,0.06868065653291006,79.49107142857143,90.3564453125
2,0.05874623149137131,79.27678571428571,90.46630859375
3,0.04875212052680363,79.72767857142857,89.9169921875
4,0.04125353927046795,79.46875,90.39306640625
5,0.03875540884418269,79.54910714285714,90.56396484375
6,0.036020402308090414,79.62053571428571,90.13671875
7,0.03360238337697767,79.57142857142857,90.3564453125
8,0.030275788872224298,79.30803571428571,90.31982421875
9,0.030184539894931656,79.61160714285715,90.41748046875
10,0.0244803014164648,80.25892857142857,90.33203125
11,0.024307974756636843,79.4375,90.36865234375
12,0.022382948620704883,79.59375,90.27099609375
13,0.020388484702621168,79.37053571428571,90.5517578125
14,0.018705580142332586,79.80803571428572,90.36865234375
15,0.018351964705298464,79.61160714285715,90.24658203125
16,0.016609915115419906,79.61160714285715,90.27099609375
17,0.017215471383457175,79.95535714285714,90.0390625
18,0.015143652558958255,79.65625,90.2587890625
19,0.014693530510349285,79.23660714285715,90.5517578125
20,0.01448186859474598,80.34821428571428,90.34423828125
21,0.014469143682706426,80.29464285714285,90.00244140625
22,0.013788851704567883,79.70982142857143,90.19775390625
23,0.013724016923203528,79.58928571428571,90.4541015625
24,0.012990405969084014,80.10267857142857,90.0634765625
25,0.011893942050739044,80.0625,90.17333984375
26,0.011835635134375824,80.29017857142856,89.892578125
27,0.011508433831172423,80.08035714285715,90.6005859375
28,0.011328366914539253,80.4375,90.27099609375
29,0.01060838599401908,79.29464285714286,90.49072265625
30,0.010535048164226438,79.86607142857143,90.13671875
31,0.009027810688469817,79.98660714285714,89.9658203125
32,0.00811066972812333,79.65625,90.53955078125
33,0.007387174739308736,79.6875,90.46630859375
34,0.007242921440899481,80.00446428571428,89.8681640625
35,0.00721642806294148,79.62053571428571,90.087890625
36,0.007181888085944663,80.21875,90.4296875
37,0.007166008202801326,80.50446428571428,89.9658203125
38,0.00679280168049052,80.66517857142857,90.27099609375
39,0.006607250639080267,80.50446428571428,90.34423828125
40,0.00648784011886336,79.49553571428572,90.39306640625
41,0.006352867264144824,79.79464285714286,90.19775390625
42,0.0058773987795641795,80.41071428571429,90.27099609375
43,0.00581695727976973,79.13839285714285,90.72265625
44,0.005872918603897255,79.65625,90.14892578125
45,0.005693167108597301,79.1875,90.625
46,0.005379888329992995,79.54910714285714,90.6005859375
47,0.005018847317540125,79.73214285714285,90.3076171875
48,0.004807865349681368,79.79464285714286,90.39306640625
49,0.0046178171105047995,80.25446428571428,89.9169921875
50,0.004516578948492448,80.81249999999999,90.29541015625
51,0.004353048770140707,80.10267857142857,90.3076171875
52,0.004753284894346793,81.19642857142858,90.3076171875
53,0.004527450727034066,80.20982142857143,90.00244140625
54,0.0042122247709812256,79.70535714285714,90.53955078125
55,0.004190155094889747,80.33035714285714,90.39306640625
56,0.004109506693538048,80.81696428571428,90.185546875
57,0.003802703488575867,79.60714285714286,90.31982421875
58,0.0037317645822313207,79.96428571428571,90.185546875
59,0.0036095482875290867,79.5,90.44189453125
60,0.0034386006318169247,80.71428571428571,89.95361328125
61,0.0032951306663547347,79.90625,90.576171875
62,0.0032641817272985488,79.25446428571428,90.71044921875
63,0.0031965784611323158,79.68303571428571,90.36865234375
64,0.0031459300140087823,80.30357142857143,90.12451171875
65,0.003058927006952116,80.08928571428571,90.10009765625
66,0.0029691998065618486,80.49107142857143,90.05126953125
67,0.002872687822008375,80.10267857142857,90.6005859375
68,0.0028553070573721986,80.78125000000001,90.53955078125
69,0.0027307313856970872,79.97321428571429,90.41748046875
70,0.0026937333228777504,80.05357142857143,90.5029296875
71,0.0025816698161578266,79.60267857142857,90.4052734375
72,0.002535146451231618,80.49999999999999,89.85595703125
73,0.002531470654073337,79.51339285714285,90.625
74,0.002515674736935029,80.75,90.27099609375
75,0.0024293716281297726,79.65625,90.39306640625
76,0.0023479183892151055,81.23214285714286,90.71044921875
77,0.002170881875864371,81.12053571428571,90.46630859375
78,0.0023111816419691756,79.83482142857142,90.22216796875
79,0.0019782384211187868,79.14732142857142,90.68603515625
80,0.001850157403109997,81.32142857142857,90.17333984375
81,0.0018403856556709211,79.00892857142857,90.7470703125
82,0.00173317523023503,79.5,90.673828125
83,0.0017331201621814628,80.64285714285714,90.1611328125
84,0.0016994745827862896,79.65625,90.10009765625
85,0.001663819161646801,79.6875,90.1123046875
86,0.0015985923990455783,81.38392857142857,90.478515625
87,0.0015642083795176828,80.88392857142858,90.51513671875
88,0.0015036668117320376,81.0,90.234375
89,0.0014821319011882692,80.81696428571428,90.58837890625
90,0.0014774457797896352,81.37946428571428,90.24658203125
91,0.0014583237540792056,80.64285714285714,90.52734375
92,0.001453682115272613,79.47321428571428,90.33203125
93,0.0014088761068689966,79.79017857142857,90.24658203125
94,0.0014224149615761938,79.55357142857143,90.3564453125
95,0.0013649161505021727,80.46428571428572,90.58837890625
96,0.0013563131294175071,79.625,89.97802734375
97,0.001301210721946772,79.97767857142856,90.29541015625
98,0.0012737895569192408,80.00446428571428,90.36865234375
99,0.001117175731497056,79.70982142857143,90.185546875
100,0.0010710851061853416,80.81696428571428,90.478515625
101,0.0010682302248801866,79.74107142857143,90.36865234375
102,0.001058410023479375,79.52678571428571,90.61279296875
103,0.000976244080298653,79.62946428571428,90.61279296875
104,0.001046317032953991,81.11607142857143,90.00244140625
105,0.0009287001999729716,81.28125,90.4296875
106,0.0008967830842823245,79.79910714285714,90.3564453125
107,0.0007938369938324866,79.54017857142857,90.34423828125
108,0.0007924593370792348,80.73214285714285,90.61279296875
109,0.000785482035787105,81.20089285714285,90.6982421875
110,0.0007754882971984395,79.51785714285714,90.49072265625
111,0.0007708289773145151,79.73660714285714,90.10009765625
112,0.0007477350901515355,81.57589285714286,90.673828125
113,0.0007439434378184726,80.18303571428572,90.51513671875
114,0.0007391682670099877,80.35714285714286,90.51513671875
115,0.0007364255158871023,80.10267857142857,90.380859375
116,0.0006629583410752128,81.33482142857143,90.4541015625
117,0.0006603724679917992,79.82589285714285,90.17333984375
118,0.0006579430006282538,80.65624999999999,90.6982421875
119,0.0006509631387710815,81.39285714285714,90.19775390625
120,0.0006062427694434151,81.52232142857143,90.72265625
121,0.0005369789719888163,80.62053571428572,90.5517578125
122,0.0005363651030745827,81.62946428571429,90.61279296875
123,0.0005281182646448533,81.49553571428572,90.05126953125
124,0.000515660086398416,81.48214285714286,90.61279296875
125,0.000493391957416783,79.55357142857143,89.8193359375
126,0.0004908588473744333,80.99107142857142,90.4541015625
127,0.000482289005285218,80.29464285714285,90.24658203125
128,0.0004748082311206955,80.48660714285714,90.41748046875
129,0.0004503567275349568,79.90178571428571,89.97802734375
130,0.0004473475463056154,80.79910714285714,90.85693359375
131,0.0004406046981237699,79.58482142857143,90.234375
132,0.000428514748425897,80.58035714285714,90.53955078125
133,0.00042046296982322734,81.24553571428572,90.83251953125
134,0.0004025785967312483,80.89285714285714,90.8447265625
135,0.00040153958025813827,79.24107142857143,90.72265625
136,0.0003813981070393787,80.74107142857143,90.869140625
137,0.000401123025556783,81.29464285714286,90.5517578125
138,0.00037546634256684704,79.66517857142858,89.61181640625
139,0.00037068926008055535,81.10714285714285,90.6005859375
140,0.0003538035841276242,79.80803571428572,90.72265625
141,0.00033767278058071466,80.44196428571429,90.05126953125
142,0.0003374332506794644,81.08482142857143,90.56396484375
143,0.00031930120940472985,80.65178571428572,90.6005859375
144,0.00030041404062332506,81.15178571428571,90.673828125
145,0.00031430192845911315,80.80803571428571,90.4296875
146,0.00028635626627487285,80.22767857142857,90.4052734375
147,0.00028563838429065936,79.87946428571428,90.52734375
148,0.0002787909740803551,80.83482142857142,90.1611328125
149,0.00026552278786040937,81.08482142857143,90.31982421875
150,0.00026410362550513354,80.75892857142857,90.8447265625
151,0.00024253508169923347,80.62053571428572,90.478515625
152,0.00024244005750965507,80.78125000000001,90.6494140625
153,0.0002349450708457141,81.08035714285714,90.6494140625
154,0.00019874071673177992,80.59375,90.91796875
155,0.00019516548106369202,81.29464285714286,90.966796875
156,0.00019342868510797837,79.98660714285714,90.80810546875
157,0.00018259910315663005,80.76785714285714,90.72265625
158,0.00017289694058539418,80.87053571428571,90.771484375
159,0.00016882907306387378,81.43303571428571,90.0146484375
160,0.00016778449522149538,81.20982142857143,90.6982421875
161,0.00016685060902908646,80.66964285714286,90.66162109375
162,0.00015791997886441115,79.54910714285714,90.72265625
163,0.00015147053220763285,79.08035714285715,90.83251953125
164,0.00015073118063830025,80.14732142857142,90.75927734375
165,0.0001456156844587632,80.87053571428571,90.72265625
166,0.00014375539384525239,79.625,90.283203125
167,0.00014027804254845556,81.26785714285714,90.75927734375
168,0.00013241441308929172,79.76339285714286,90.5517578125
169,0.00012591236997436955,79.60267857142857,91.015625
170,0.0001308682270569986,81.56249999999999,90.90576171875
171,0.00012312846963933476,80.10714285714285,90.185546875
172,0.00011607489094974244,80.79017857142857,90.90576171875
173,0.00011065961228294316,81.38839285714286,90.31982421875
174,8.815519120609134e-05,81.53571428571428,90.83251953125
175,8.533945866806153e-05,81.43303571428571,90.56396484375
176,8.298284866678604e-05,80.29464285714285,90.75927734375
177,7.663648381847244e-05,80.70089285714286,90.53955078125
178,7.294670478838849e-05,81.72767857142857,90.7958984375
179,7.140416279006634e-05,80.97321428571429,90.91796875
180,7.095410472767929e-05,81.29464285714286,90.1123046875
181,6.838292173001939e-05,79.50892857142858,90.673828125
182,6.451332598512976e-05,81.64285714285714,90.91796875
183,6.128573526989378e-05,81.40624999999999,90.85693359375
184,6.119233809833526e-05,79.88839285714285,90.31982421875
185,5.871749358469785e-05,79.86607142857143,90.93017578125
186,6.116577188891571e-05,79.89285714285714,90.52734375
187,5.688718931707596e-05,81.51785714285714,90.8203125
188,5.18560588092821e-05,81.30803571428571,90.7958984375
189,5.176277624544342e-05,81.14285714285715,90.8447265625
190,4.9178301632539376e-05,80.78125000000001,90.7470703125
191,4.809403416870683e-05,81.73214285714286,90.7958984375
192,4.776053909523871e-05,80.71428571428571,90.71044921875
193,4.1740412550580134e-05,79.30803571428571,90.8203125
194,3.7581883686952686e-05,80.84375,90.93017578125
195,3.681757430266999e-05,81.44196428571429,90.49072265625
196,3.3686049945961384e-05,81.74553571428571,90.478515625
197,3.224023722755033e-05,81.68750000000001,90.83251953125
198,2.6268815355523776e-05,80.00446428571428,90.51513671875
199,2.5756941356997085e-05,81.57142857142857,90.78369140625
200,2.491181147485364e-05,81.64732142857143,90.625
201,2.475505533845074e-05,81.39285714285714,90.80810546875
202,2.3898969607572875e-05,80.71875,90.185546875
203,2.3194258418658944e-05,81.57142857142857,90.6005859375
204,2.189474308082977e-05,80.87053571428571,90.72265625
205,2.011710306323348e-05,80.80357142857143,90.7470703125
206,1.994568253812801e-05,81.66964285714285,90.90576171875
207,1.906233451927237e-05,80.16517857142857,90.185546875
208,1.821289901248701e-05,80.20089285714286,90.56396484375
209,1.8095420399680527e-05,81.41071428571428,90.9912109375
210,1.548043808285652e-05,81.32142857142857,90.8935546875
211,1.5349502581844273e-05,81.75446428571429,90.83251953125
