outcome,held_out_structure,observed,predicted,predictive_sd,selected_features,prior_tau,noise_sigma_standardized
yield_percent,benzoate,86.0,170.20147336986372,5.330200294922072,d2_angular_fingerprint_12_10;d2_angular_fingerprint_12_5;d2_persistent_blocked_fraction,0.6757730973613716,0.08
de_percent,benzoate,88.0,94.87505072311242,0.2336094392774704,d3_d2_delta_angular_fingerprint_12_4;d3_delta_g_percent_minimum;d3_extended_g_percent_minimum,0.4735317242569647,0.08
ee_cis_percent,benzoate,57.0,38.49574381505248,2.846644144110605,d2_displaced_vbur_mean_8;d2_quadrant_mean_occupation_2;d3_changed_topographic_first_contact_q50_area_fraction,0.4735317242569647,0.08
yield_percent,pivalate,90.0,9.997993287385007,3.982482056707588,d2_angular_fingerprint_12_9;d2_displaced_vbur_mean_8;d3_d2_delta_angular_fingerprint_12_12,0.6757730973613716,0.08
de_percent,pivalate,94.0,98.90131065942589,0.4275008299031114,d3_changed_topographic_contact_probability_area_fraction;d3_changed_v2_adaptive_class_area_fraction,0.6757730973613716,0.08
ee_cis_percent,pivalate,10.0,36.20712906836224,1.9034329122840847,d2_displaced_vbur_mean_9;d2_quadrant_asymmetry_variance;d3_delta_vbur_percent_percentile_5,0.6757730973613716,0.08
yield_percent,phenylacetate,40.0,76.11069913120078,1.9090071161843092,d2_displaced_g_mean_1;d3_d2_delta_angular_fingerprint_12_11;d3_delta_vbur_percent_percentile_5,0.6757730973613716,0.08
de_percent,phenylacetate,94.0,88.70085760137775,0.2758037478983939,d3_d2_delta_angular_fingerprint_12_3;d3_d2_delta_breathing_fraction;d3_delta_vbur_percent_population_standard_deviation,0.4735317242569647,0.08
ee_cis_percent,phenylacetate,54.0,36.174929255895165,2.2864386896633584,d2_displaced_vbur_mean_9;d3_d2_delta_angular_fingerprint_12_8;d3_d2_delta_displaced_vbur_mean_9,0.4735317242569647,0.08
yield_percent,para-CF3-benzoate,45.0,69.78659744264866,1.8925823052770432,d2_angular_fingerprint_12_1;d3_extended_g_percent_minimum;d3_extended_vbur_percent_population_standard_deviation,0.6757730973613716,0.08
de_percent,para-CF3-benzoate,92.0,89.06150773243925,0.24820628845884624,d2_quadrant_mean_occupation_2;d3_changed_topographic_contact_probability_area_fraction,0.6757730973613716,0.08
ee_cis_percent,para-CF3-benzoate,46.0,42.55178509324408,2.233838800467176,d2_displaced_vbur_mean_9;d2_quadrant_mean_occupation_3;d3_d2_delta_quadrant_mean_occupation_2,0.4735317242569647,0.08
yield_percent,para-OMe-benzoate,48.0,24.733769886729426,2.6448400793658595,d3_changed_topographic_first_contact_q50_area_fraction;d3_d2_delta_angular_fingerprint_12_10;d3_delta_vbur_percent_percentile_span,0.6757730973613716,0.08
de_percent,para-OMe-benzoate,88.0,90.615556637536,0.22274242051139168,d2_angular_fingerprint_12_1;d3_changed_occupation_area_fraction;d3_d2_delta_angular_fingerprint_12_1,0.6757730973613716,0.08
ee_cis_percent,para-OMe-benzoate,42.0,63.25009599528202,2.838165496725092,d2_displaced_vbur_mean_7;d3_d2_delta_displaced_vbur_mean_7;d3_extended_vbur_percent_maximum,0.6757730973613716,0.1024763937684332
yield_percent,para-tBu-benzoate,79.0,36.72341828965101,3.4029343913994827,d3_d2_delta_angular_fingerprint_12_10;d3_d2_delta_angular_fingerprint_12_3;d3_d2_delta_quadrant_asymmetry_variance,0.6757730973613716,0.08
de_percent,para-tBu-benzoate,90.0,89.723250571029,0.2996730776409523,d3_d2_delta_angular_fingerprint_12_12;d3_delta_g_percent_population_standard_deviation;d3_delta_vbur_percent_minimum,0.4735317242569647,0.08
ee_cis_percent,para-tBu-benzoate,74.0,77.84406872804882,6.540702625180582,d2_displaced_vbur_mean_8;d2_quadrant_mean_occupation_2;d3_d2_delta_quadrant_mean_occupation_3,0.4735317242569647,0.08
yield_percent,35-di-tBu-benzoate,68.0,1.0092993395031513,3.8058763794190944,d2_angular_fingerprint_12_11;d3_d2_delta_angular_fingerprint_12_10;d3_d2_delta_pocket_weighted_vbur_percent,0.6757730973613716,0.08
de_percent,35-di-tBu-benzoate,92.0,87.70523005659476,0.43055420723130133,d3_changed_topographic_first_contact_interval_10_90_area_fraction;d3_d2_delta_persistent_blocked_fraction;d3_delta_g_percent_percentile_span,0.4735317242569647,0.08
ee_cis_percent,35-di-tBu-benzoate,78.0,39.367922764254445,2.6211709672406633,d2_displaced_vbur_mean_9;d2_radial_mean_occupation_7bins_1;d3_d2_delta_angular_fingerprint_12_3,0.4735317242569647,0.08
