catalyst,frame,weight,weighting_method,source_file
3a,1,0.09999999999999999,stored per-geometry population weight,03-chemical-validation/part3/3b/d2-map/3a-d2map/results/reference/plot-data/per-geometry-descriptors.csv
3a,2,0.09999999999999999,stored per-geometry population weight,03-chemical-validation/part3/3b/d2-map/3a-d2map/results/reference/plot-data/per-geometry-descriptors.csv
3a,3,0.09999999999999999,stored per-geometry population weight,03-chemical-validation/part3/3b/d2-map/3a-d2map/results/reference/plot-data/per-geometry-descriptors.csv
3a,4,0.09999999999999999,stored per-geometry population weight,03-chemical-validation/part3/3b/d2-map/3a-d2map/results/reference/plot-data/per-geometry-descriptors.csv
3a,5,0.09999999999999999,stored per-geometry population weight,03-chemical-validation/part3/3b/d2-map/3a-d2map/results/reference/plot-data/per-geometry-descriptors.csv
3a,6,0.09999999999999999,stored per-geometry population weight,03-chemical-validation/part3/3b/d2-map/3a-d2map/results/reference/plot-data/per-geometry-descriptors.csv
3a,7,0.09999999999999999,stored per-geometry population weight,03-chemical-validation/part3/3b/d2-map/3a-d2map/results/reference/plot-data/per-geometry-descriptors.csv
3a,8,0.09999999999999999,stored per-geometry population weight,03-chemical-validation/part3/3b/d2-map/3a-d2map/results/reference/plot-data/per-geometry-descriptors.csv
3a,9,0.09999999999999999,stored per-geometry population weight,03-chemical-validation/part3/3b/d2-map/3a-d2map/results/reference/plot-data/per-geometry-descriptors.csv
3a,10,0.09999999999999999,stored per-geometry population weight,03-chemical-validation/part3/3b/d2-map/3a-d2map/results/reference/plot-data/per-geometry-descriptors.csv
3b-syn,1,0.1111111111111111,stored per-geometry population weight,03-chemical-validation/part3/3b/d2-map/3b-syn-d2map/results/reference/plot-data/per-geometry-descriptors.csv
3b-syn,2,0.1111111111111111,stored per-geometry population weight,03-chemical-validation/part3/3b/d2-map/3b-syn-d2map/results/reference/plot-data/per-geometry-descriptors.csv
3b-syn,3,0.1111111111111111,stored per-geometry population weight,03-chemical-validation/part3/3b/d2-map/3b-syn-d2map/results/reference/plot-data/per-geometry-descriptors.csv
3b-syn,4,0.1111111111111111,stored per-geometry population weight,03-chemical-validation/part3/3b/d2-map/3b-syn-d2map/results/reference/plot-data/per-geometry-descriptors.csv
3b-syn,5,0.1111111111111111,stored per-geometry population weight,03-chemical-validation/part3/3b/d2-map/3b-syn-d2map/results/reference/plot-data/per-geometry-descriptors.csv
3b-syn,6,0.1111111111111111,stored per-geometry population weight,03-chemical-validation/part3/3b/d2-map/3b-syn-d2map/results/reference/plot-data/per-geometry-descriptors.csv
3b-syn,7,0.1111111111111111,stored per-geometry population weight,03-chemical-validation/part3/3b/d2-map/3b-syn-d2map/results/reference/plot-data/per-geometry-descriptors.csv
3b-syn,8,0.1111111111111111,stored per-geometry population weight,03-chemical-validation/part3/3b/d2-map/3b-syn-d2map/results/reference/plot-data/per-geometry-descriptors.csv
3b-syn,9,0.1111111111111111,stored per-geometry population weight,03-chemical-validation/part3/3b/d2-map/3b-syn-d2map/results/reference/plot-data/per-geometry-descriptors.csv
3b-anti,1,0.09090909090909091,stored per-geometry population weight,03-chemical-validation/part3/3b/d2-map/3b-anti-d2map/results/reference/plot-data/per-geometry-descriptors.csv
3b-anti,2,0.09090909090909091,stored per-geometry population weight,03-chemical-validation/part3/3b/d2-map/3b-anti-d2map/results/reference/plot-data/per-geometry-descriptors.csv
3b-anti,3,0.09090909090909091,stored per-geometry population weight,03-chemical-validation/part3/3b/d2-map/3b-anti-d2map/results/reference/plot-data/per-geometry-descriptors.csv
3b-anti,4,0.09090909090909091,stored per-geometry population weight,03-chemical-validation/part3/3b/d2-map/3b-anti-d2map/results/reference/plot-data/per-geometry-descriptors.csv
3b-anti,5,0.09090909090909091,stored per-geometry population weight,03-chemical-validation/part3/3b/d2-map/3b-anti-d2map/results/reference/plot-data/per-geometry-descriptors.csv
3b-anti,6,0.09090909090909091,stored per-geometry population weight,03-chemical-validation/part3/3b/d2-map/3b-anti-d2map/results/reference/plot-data/per-geometry-descriptors.csv
3b-anti,7,0.09090909090909091,stored per-geometry population weight,03-chemical-validation/part3/3b/d2-map/3b-anti-d2map/results/reference/plot-data/per-geometry-descriptors.csv
3b-anti,8,0.09090909090909091,stored per-geometry population weight,03-chemical-validation/part3/3b/d2-map/3b-anti-d2map/results/reference/plot-data/per-geometry-descriptors.csv
3b-anti,9,0.09090909090909091,stored per-geometry population weight,03-chemical-validation/part3/3b/d2-map/3b-anti-d2map/results/reference/plot-data/per-geometry-descriptors.csv
3b-anti,10,0.09090909090909091,stored per-geometry population weight,03-chemical-validation/part3/3b/d2-map/3b-anti-d2map/results/reference/plot-data/per-geometry-descriptors.csv
3b-anti,11,0.09090909090909091,stored per-geometry population weight,03-chemical-validation/part3/3b/d2-map/3b-anti-d2map/results/reference/plot-data/per-geometry-descriptors.csv
3c,1,0.04,stored per-geometry population weight,03-chemical-validation/part3/3b/d2-map/3c-d2map/results/reference/plot-data/per-geometry-descriptors.csv
3c,2,0.04,stored per-geometry population weight,03-chemical-validation/part3/3b/d2-map/3c-d2map/results/reference/plot-data/per-geometry-descriptors.csv
3c,3,0.04,stored per-geometry population weight,03-chemical-validation/part3/3b/d2-map/3c-d2map/results/reference/plot-data/per-geometry-descriptors.csv
3c,4,0.04,stored per-geometry population weight,03-chemical-validation/part3/3b/d2-map/3c-d2map/results/reference/plot-data/per-geometry-descriptors.csv
3c,5,0.04,stored per-geometry population weight,03-chemical-validation/part3/3b/d2-map/3c-d2map/results/reference/plot-data/per-geometry-descriptors.csv
3c,6,0.04,stored per-geometry population weight,03-chemical-validation/part3/3b/d2-map/3c-d2map/results/reference/plot-data/per-geometry-descriptors.csv
3c,7,0.04,stored per-geometry population weight,03-chemical-validation/part3/3b/d2-map/3c-d2map/results/reference/plot-data/per-geometry-descriptors.csv
3c,8,0.04,stored per-geometry population weight,03-chemical-validation/part3/3b/d2-map/3c-d2map/results/reference/plot-data/per-geometry-descriptors.csv
3c,9,0.04,stored per-geometry population weight,03-chemical-validation/part3/3b/d2-map/3c-d2map/results/reference/plot-data/per-geometry-descriptors.csv
3c,10,0.04,stored per-geometry population weight,03-chemical-validation/part3/3b/d2-map/3c-d2map/results/reference/plot-data/per-geometry-descriptors.csv
3c,11,0.04,stored per-geometry population weight,03-chemical-validation/part3/3b/d2-map/3c-d2map/results/reference/plot-data/per-geometry-descriptors.csv
3c,12,0.04,stored per-geometry population weight,03-chemical-validation/part3/3b/d2-map/3c-d2map/results/reference/plot-data/per-geometry-descriptors.csv
3c,13,0.04,stored per-geometry population weight,03-chemical-validation/part3/3b/d2-map/3c-d2map/results/reference/plot-data/per-geometry-descriptors.csv
3c,14,0.04,stored per-geometry population weight,03-chemical-validation/part3/3b/d2-map/3c-d2map/results/reference/plot-data/per-geometry-descriptors.csv
3c,15,0.04,stored per-geometry population weight,03-chemical-validation/part3/3b/d2-map/3c-d2map/results/reference/plot-data/per-geometry-descriptors.csv
3c,16,0.04,stored per-geometry population weight,03-chemical-validation/part3/3b/d2-map/3c-d2map/results/reference/plot-data/per-geometry-descriptors.csv
3c,17,0.04,stored per-geometry population weight,03-chemical-validation/part3/3b/d2-map/3c-d2map/results/reference/plot-data/per-geometry-descriptors.csv
3c,18,0.04,stored per-geometry population weight,03-chemical-validation/part3/3b/d2-map/3c-d2map/results/reference/plot-data/per-geometry-descriptors.csv
3c,19,0.04,stored per-geometry population weight,03-chemical-validation/part3/3b/d2-map/3c-d2map/results/reference/plot-data/per-geometry-descriptors.csv
3c,20,0.04,stored per-geometry population weight,03-chemical-validation/part3/3b/d2-map/3c-d2map/results/reference/plot-data/per-geometry-descriptors.csv
3c,21,0.04,stored per-geometry population weight,03-chemical-validation/part3/3b/d2-map/3c-d2map/results/reference/plot-data/per-geometry-descriptors.csv
3c,22,0.04,stored per-geometry population weight,03-chemical-validation/part3/3b/d2-map/3c-d2map/results/reference/plot-data/per-geometry-descriptors.csv
3c,23,0.04,stored per-geometry population weight,03-chemical-validation/part3/3b/d2-map/3c-d2map/results/reference/plot-data/per-geometry-descriptors.csv
3c,24,0.04,stored per-geometry population weight,03-chemical-validation/part3/3b/d2-map/3c-d2map/results/reference/plot-data/per-geometry-descriptors.csv
3c,25,0.04,stored per-geometry population weight,03-chemical-validation/part3/3b/d2-map/3c-d2map/results/reference/plot-data/per-geometry-descriptors.csv
3d,1,0.09090909090909091,stored per-geometry population weight,03-chemical-validation/part3/3b/d2-map/3d-d2map/results/reference/plot-data/per-geometry-descriptors.csv
3d,2,0.09090909090909091,stored per-geometry population weight,03-chemical-validation/part3/3b/d2-map/3d-d2map/results/reference/plot-data/per-geometry-descriptors.csv
3d,3,0.09090909090909091,stored per-geometry population weight,03-chemical-validation/part3/3b/d2-map/3d-d2map/results/reference/plot-data/per-geometry-descriptors.csv
3d,4,0.09090909090909091,stored per-geometry population weight,03-chemical-validation/part3/3b/d2-map/3d-d2map/results/reference/plot-data/per-geometry-descriptors.csv
3d,5,0.09090909090909091,stored per-geometry population weight,03-chemical-validation/part3/3b/d2-map/3d-d2map/results/reference/plot-data/per-geometry-descriptors.csv
3d,6,0.09090909090909091,stored per-geometry population weight,03-chemical-validation/part3/3b/d2-map/3d-d2map/results/reference/plot-data/per-geometry-descriptors.csv
3d,7,0.09090909090909091,stored per-geometry population weight,03-chemical-validation/part3/3b/d2-map/3d-d2map/results/reference/plot-data/per-geometry-descriptors.csv
3d,8,0.09090909090909091,stored per-geometry population weight,03-chemical-validation/part3/3b/d2-map/3d-d2map/results/reference/plot-data/per-geometry-descriptors.csv
3d,9,0.09090909090909091,stored per-geometry population weight,03-chemical-validation/part3/3b/d2-map/3d-d2map/results/reference/plot-data/per-geometry-descriptors.csv
3d,10,0.09090909090909091,stored per-geometry population weight,03-chemical-validation/part3/3b/d2-map/3d-d2map/results/reference/plot-data/per-geometry-descriptors.csv
3d,11,0.09090909090909091,stored per-geometry population weight,03-chemical-validation/part3/3b/d2-map/3d-d2map/results/reference/plot-data/per-geometry-descriptors.csv
3e,1,1.0,stored per-geometry population weight,03-chemical-validation/part3/3f/maps/d2-map/3e-d2map/results/reference/plot-data/per-geometry-descriptors.csv
3e,2,1.1151595540098016e-26,stored per-geometry population weight,03-chemical-validation/part3/3f/maps/d2-map/3e-d2map/results/reference/plot-data/per-geometry-descriptors.csv
3e,3,6.299296086020157e-19,stored per-geometry population weight,03-chemical-validation/part3/3f/maps/d2-map/3e-d2map/results/reference/plot-data/per-geometry-descriptors.csv
3e,4,5.1542647866613326e-23,stored per-geometry population weight,03-chemical-validation/part3/3f/maps/d2-map/3e-d2map/results/reference/plot-data/per-geometry-descriptors.csv
3e,5,1.666352906892779e-22,stored per-geometry population weight,03-chemical-validation/part3/3f/maps/d2-map/3e-d2map/results/reference/plot-data/per-geometry-descriptors.csv
3e,6,3.1649082999656053e-22,stored per-geometry population weight,03-chemical-validation/part3/3f/maps/d2-map/3e-d2map/results/reference/plot-data/per-geometry-descriptors.csv
3e,7,2.6494370813299702e-21,stored per-geometry population weight,03-chemical-validation/part3/3f/maps/d2-map/3e-d2map/results/reference/plot-data/per-geometry-descriptors.csv
IMes,1,0.9999996378135688,stored per-geometry population weight,03-chemical-validation/part3/3f/maps/d2-map/IMes-d2map/results/reference/plot-data/per-geometry-descriptors.csv
IMes,2,6.175657571432206e-13,stored per-geometry population weight,03-chemical-validation/part3/3f/maps/d2-map/IMes-d2map/results/reference/plot-data/per-geometry-descriptors.csv
IMes,3,1.2534770622064151e-11,stored per-geometry population weight,03-chemical-validation/part3/3f/maps/d2-map/IMes-d2map/results/reference/plot-data/per-geometry-descriptors.csv
IMes,4,4.798175963644676e-12,stored per-geometry population weight,03-chemical-validation/part3/3f/maps/d2-map/IMes-d2map/results/reference/plot-data/per-geometry-descriptors.csv
IMes,5,9.212522543047673e-09,stored per-geometry population weight,03-chemical-validation/part3/3f/maps/d2-map/IMes-d2map/results/reference/plot-data/per-geometry-descriptors.csv
IMes,6,2.876690407335645e-17,stored per-geometry population weight,03-chemical-validation/part3/3f/maps/d2-map/IMes-d2map/results/reference/plot-data/per-geometry-descriptors.csv
IMes,7,2.023900461044396e-13,stored per-geometry population weight,03-chemical-validation/part3/3f/maps/d2-map/IMes-d2map/results/reference/plot-data/per-geometry-descriptors.csv
IMes,8,9.651585874835056e-12,stored per-geometry population weight,03-chemical-validation/part3/3f/maps/d2-map/IMes-d2map/results/reference/plot-data/per-geometry-descriptors.csv
IMes,9,3.5294610423036924e-07,stored per-geometry population weight,03-chemical-validation/part3/3f/maps/d2-map/IMes-d2map/results/reference/plot-data/per-geometry-descriptors.csv
IPr,1,1.0,stored per-geometry population weight,03-chemical-validation/part3/3f/maps/d2-map/IPr-d2map/results/reference/plot-data/per-geometry-descriptors.csv
IPr,2,9.186584246831701e-28,stored per-geometry population weight,03-chemical-validation/part3/3f/maps/d2-map/IPr-d2map/results/reference/plot-data/per-geometry-descriptors.csv
IPr,3,3.8962451951380213e-28,stored per-geometry population weight,03-chemical-validation/part3/3f/maps/d2-map/IPr-d2map/results/reference/plot-data/per-geometry-descriptors.csv
IPr,4,1.0706927273119488e-29,stored per-geometry population weight,03-chemical-validation/part3/3f/maps/d2-map/IPr-d2map/results/reference/plot-data/per-geometry-descriptors.csv
IPr,5,1.0210583386914354e-30,stored per-geometry population weight,03-chemical-validation/part3/3f/maps/d2-map/IPr-d2map/results/reference/plot-data/per-geometry-descriptors.csv
