system,crest_energy_row,energy_hartree,aligned_frame_join,source_record
Fe-TDCPP-Cl,1,-160.31545791,unrecorded,analysis-energy-weighted.json population.energies
Fe-TDCPP-Cl,2,-160.31483433,unrecorded,analysis-energy-weighted.json population.energies
Fe-TDCPP-Cl,3,-160.31471467,unrecorded,analysis-energy-weighted.json population.energies
Fe-TDCPP-Cl,4,-160.31468791,unrecorded,analysis-energy-weighted.json population.energies
Fe-TDCPP-Cl,5,-160.31462862,unrecorded,analysis-energy-weighted.json population.energies
Fe-TDCPP-Cl,6,-160.31439438,unrecorded,analysis-energy-weighted.json population.energies
Fe-TDCPP-Cl,7,-160.3143773,unrecorded,analysis-energy-weighted.json population.energies
Fe-TDCPP-Cl,8,-160.31421318,unrecorded,analysis-energy-weighted.json population.energies
Fe-TDCPP-Cl,9,-160.31406319,unrecorded,analysis-energy-weighted.json population.energies
Fe-TDCPP-Cl,10,-160.31385269,unrecorded,analysis-energy-weighted.json population.energies
Fe-TDCPP-Cl,11,-160.31372243,unrecorded,analysis-energy-weighted.json population.energies
Fe-TDCPP-Cl,12,-160.31365541,unrecorded,analysis-energy-weighted.json population.energies
Fe-TDCPP-Cl,13,-160.31348536,unrecorded,analysis-energy-weighted.json population.energies
Fe-TDCPP-Cl,14,-160.31326207,unrecorded,analysis-energy-weighted.json population.energies
Fe-TDCPP-Cl,15,-160.31319344,unrecorded,analysis-energy-weighted.json population.energies
Fe-TDCPP-Cl,16,-160.31312765,unrecorded,analysis-energy-weighted.json population.energies
Fe-TDCPP-Cl,17,-160.31311248,unrecorded,analysis-energy-weighted.json population.energies
Fe-TDCPP-Cl,18,-160.31301324,unrecorded,analysis-energy-weighted.json population.energies
Fe-TDCPP-Cl,19,-160.31300479,unrecorded,analysis-energy-weighted.json population.energies
Fe-TDCPP-Cl,20,-160.31289846,unrecorded,analysis-energy-weighted.json population.energies
Fe-TDCPP-Cl,21,-160.31274615,unrecorded,analysis-energy-weighted.json population.energies
Fe-TDCPP-Cl,22,-160.31241969,unrecorded,analysis-energy-weighted.json population.energies
Fe-TDCPP-Cl,23,-160.31232312,unrecorded,analysis-energy-weighted.json population.energies
Fe-TDCPP-Cl,24,-160.3123114,unrecorded,analysis-energy-weighted.json population.energies
Fe-TDCPP-Cl,25,-160.31226893,unrecorded,analysis-energy-weighted.json population.energies
Fe-TDCPP-Cl,26,-160.31217979,unrecorded,analysis-energy-weighted.json population.energies
Fe-TDCPP-Cl,27,-160.31214399,unrecorded,analysis-energy-weighted.json population.energies
Fe-TDCPP-Cl,28,-160.3119926,unrecorded,analysis-energy-weighted.json population.energies
Fe-TDCPP-Cl,29,-160.31184277,unrecorded,analysis-energy-weighted.json population.energies
Fe-TDCPP-Cl,30,-160.31182561,unrecorded,analysis-energy-weighted.json population.energies
Fe-TDCPP-Cl,31,-160.3116001,unrecorded,analysis-energy-weighted.json population.energies
Fe-TDCPP-Cl,32,-160.31153465,unrecorded,analysis-energy-weighted.json population.energies
Fe-TDCPP-Cl,33,-160.31153001,unrecorded,analysis-energy-weighted.json population.energies
Fe-TDCPP-Cl,34,-160.31147466,unrecorded,analysis-energy-weighted.json population.energies
Fe-TDCPP-Cl,35,-160.31135337,unrecorded,analysis-energy-weighted.json population.energies
Fe-TDCPP-Cl,36,-160.3113133,unrecorded,analysis-energy-weighted.json population.energies
Fe-TDCPP-Cl,37,-160.31128071,unrecorded,analysis-energy-weighted.json population.energies
Fe-TDCPP-Cl,38,-160.3112125,unrecorded,analysis-energy-weighted.json population.energies
Fe-TDCPP-Cl,39,-160.31119237,unrecorded,analysis-energy-weighted.json population.energies
Fe-TDCPP-Cl,40,-160.31114887,unrecorded,analysis-energy-weighted.json population.energies
Fe-TDCPP-Cl,41,-160.31113947,unrecorded,analysis-energy-weighted.json population.energies
Fe-TDCPP-Cl,42,-160.31101253,unrecorded,analysis-energy-weighted.json population.energies
Fe-TDCPP-Cl,43,-160.31078829,unrecorded,analysis-energy-weighted.json population.energies
Fe-TDCPP-Cl,44,-160.31066381,unrecorded,analysis-energy-weighted.json population.energies
Fe-TDCPP-Cl,45,-160.3105625,unrecorded,analysis-energy-weighted.json population.energies
Fe-TDCPP-Cl,46,-160.31048622,unrecorded,analysis-energy-weighted.json population.energies
Fe-TDCPP-Cl,47,-160.31045844,unrecorded,analysis-energy-weighted.json population.energies
Fe-TDCPP-Cl,48,-160.3104147,unrecorded,analysis-energy-weighted.json population.energies
Fe-TDCPP-Cl,49,-160.31020219,unrecorded,analysis-energy-weighted.json population.energies
Fe-TDCPP-Cl,50,-160.31003582,unrecorded,analysis-energy-weighted.json population.energies
Fe-TDCPP-Cl,51,-160.30989777,unrecorded,analysis-energy-weighted.json population.energies
Fe-TDCPP-Cl,52,-160.30960643,unrecorded,analysis-energy-weighted.json population.energies
Fe-TDCPP-Cl,53,-160.3095813,unrecorded,analysis-energy-weighted.json population.energies
Fe-TDCPP-Cl,54,-160.30942694,unrecorded,analysis-energy-weighted.json population.energies
Fe-TDCPP-Cl,55,-160.30941597,unrecorded,analysis-energy-weighted.json population.energies
Fe-TDCPP-Cl,56,-160.3092151,unrecorded,analysis-energy-weighted.json population.energies
Fe-TDCPP-Cl,57,-160.30913417,unrecorded,analysis-energy-weighted.json population.energies
Fe-TDCPP-Cl,58,-160.30911796,unrecorded,analysis-energy-weighted.json population.energies
Fe-TDCPP-Cl,59,-160.30910054,unrecorded,analysis-energy-weighted.json population.energies
Fe-TDCPP-Cl,60,-160.30900767,unrecorded,analysis-energy-weighted.json population.energies
Fe-TDCPP-Cl,61,-160.3089843,unrecorded,analysis-energy-weighted.json population.energies
Fe-TDCPP-Cl,62,-160.30887682,unrecorded,analysis-energy-weighted.json population.energies
Fe-TDCPP-Cl,63,-160.3084751,unrecorded,analysis-energy-weighted.json population.energies
Fe-TDCPP-Cl,64,-160.30837083,unrecorded,analysis-energy-weighted.json population.energies
Fe-TDCPP-Cl,65,-160.30827253,unrecorded,analysis-energy-weighted.json population.energies
Fe-TDCPP-Cl,66,-160.30804962,unrecorded,analysis-energy-weighted.json population.energies
Fe-TDCPP-Cl,67,-160.30800286,unrecorded,analysis-energy-weighted.json population.energies
Fe-TDCPP-Cl,68,-160.30789712,unrecorded,analysis-energy-weighted.json population.energies
Fe-TDCPP-Cl,69,-160.3077729,unrecorded,analysis-energy-weighted.json population.energies
Fe-TDCPP-Cl,70,-160.30773919,unrecorded,analysis-energy-weighted.json population.energies
Fe-TDCPP-Cl,71,-160.30766703,unrecorded,analysis-energy-weighted.json population.energies
Fe-TDCPP-Cl,72,-160.30741403,unrecorded,analysis-energy-weighted.json population.energies
Fe-TDCPP-Cl,73,-160.30739074,unrecorded,analysis-energy-weighted.json population.energies
Fe-TDCPP-Cl,74,-160.30719985,unrecorded,analysis-energy-weighted.json population.energies
Fe-TDCPP-Cl,75,-160.30628149,unrecorded,analysis-energy-weighted.json population.energies
Fe-TDCPP-Cl,76,-160.30593142,unrecorded,analysis-energy-weighted.json population.energies
Fe-TDCPP-Cl,77,-160.30550219,unrecorded,analysis-energy-weighted.json population.energies
Fe-TDCPP-Cl,78,-160.30532528,unrecorded,analysis-energy-weighted.json population.energies
Fe-TDCPP-Cl,79,-160.30468303,unrecorded,analysis-energy-weighted.json population.energies
Fe-TDCPP-Cl,80,-160.30406433,unrecorded,analysis-energy-weighted.json population.energies
Fe-TDCPP-Cl,81,-160.3029586,unrecorded,analysis-energy-weighted.json population.energies
Fe-TDCPP-Cl,82,-160.30141363,unrecorded,analysis-energy-weighted.json population.energies
Fe-TDCPP-Cl,83,-160.30117258,unrecorded,analysis-energy-weighted.json population.energies
Fe-TDCPP-Cl,84,-160.30105609,unrecorded,analysis-energy-weighted.json population.energies
Fe-TMP-Cl,1,-165.95694755,unrecorded,analysis-energy-weighted.json population.energies
Fe-TMP-Cl,2,-165.95680003,unrecorded,analysis-energy-weighted.json population.energies
Fe-TMP-Cl,3,-165.95662396,unrecorded,analysis-energy-weighted.json population.energies
Fe-TMP-Cl,4,-165.95646627,unrecorded,analysis-energy-weighted.json population.energies
Fe-TMP-Cl,5,-165.95640729,unrecorded,analysis-energy-weighted.json population.energies
Fe-TMP-Cl,6,-165.95633819,unrecorded,analysis-energy-weighted.json population.energies
Fe-TMP-Cl,7,-165.95627258,unrecorded,analysis-energy-weighted.json population.energies
Fe-TMP-Cl,8,-165.95617415,unrecorded,analysis-energy-weighted.json population.energies
Fe-TMP-Cl,9,-165.9561713,unrecorded,analysis-energy-weighted.json population.energies
Fe-TMP-Cl,10,-165.95597353,unrecorded,analysis-energy-weighted.json population.energies
Fe-TMP-Cl,11,-165.95596686,unrecorded,analysis-energy-weighted.json population.energies
Fe-TMP-Cl,12,-165.95588896,unrecorded,analysis-energy-weighted.json population.energies
Fe-TMP-Cl,13,-165.95580084,unrecorded,analysis-energy-weighted.json population.energies
Fe-TMP-Cl,14,-165.9557195,unrecorded,analysis-energy-weighted.json population.energies
Fe-TMP-Cl,15,-165.95570148,unrecorded,analysis-energy-weighted.json population.energies
Fe-TMP-Cl,16,-165.95560731,unrecorded,analysis-energy-weighted.json population.energies
Fe-TMP-Cl,17,-165.95564112,unrecorded,analysis-energy-weighted.json population.energies
Fe-TMP-Cl,18,-165.95552005,unrecorded,analysis-energy-weighted.json population.energies
Fe-TMP-Cl,19,-165.95549156,unrecorded,analysis-energy-weighted.json population.energies
Fe-TMP-Cl,20,-165.95547786,unrecorded,analysis-energy-weighted.json population.energies
Fe-TMP-Cl,21,-165.95547703,unrecorded,analysis-energy-weighted.json population.energies
Fe-TMP-Cl,22,-165.95543156,unrecorded,analysis-energy-weighted.json population.energies
Fe-TMP-Cl,23,-165.95542711,unrecorded,analysis-energy-weighted.json population.energies
Fe-TMP-Cl,24,-165.95537524,unrecorded,analysis-energy-weighted.json population.energies
Fe-TMP-Cl,25,-165.95529198,unrecorded,analysis-energy-weighted.json population.energies
Fe-TMP-Cl,26,-165.95528734,unrecorded,analysis-energy-weighted.json population.energies
Fe-TMP-Cl,27,-165.95526087,unrecorded,analysis-energy-weighted.json population.energies
Fe-TMP-Cl,28,-165.95524598,unrecorded,analysis-energy-weighted.json population.energies
Fe-TMP-Cl,29,-165.95518398,unrecorded,analysis-energy-weighted.json population.energies
Fe-TMP-Cl,30,-165.95517743,unrecorded,analysis-energy-weighted.json population.energies
Fe-TMP-Cl,31,-165.95503165,unrecorded,analysis-energy-weighted.json population.energies
Fe-TMP-Cl,32,-165.9549305,unrecorded,analysis-energy-weighted.json population.energies
Fe-TMP-Cl,33,-165.95484228,unrecorded,analysis-energy-weighted.json population.energies
Fe-TMP-Cl,34,-165.95482366,unrecorded,analysis-energy-weighted.json population.energies
Fe-TMP-Cl,35,-165.9548202,unrecorded,analysis-energy-weighted.json population.energies
Fe-TMP-Cl,36,-165.95481567,unrecorded,analysis-energy-weighted.json population.energies
Fe-TMP-Cl,37,-165.95481358,unrecorded,analysis-energy-weighted.json population.energies
Fe-TMP-Cl,38,-165.95476308,unrecorded,analysis-energy-weighted.json population.energies
Fe-TMP-Cl,39,-165.95473693,unrecorded,analysis-energy-weighted.json population.energies
Fe-TMP-Cl,40,-165.95471971,unrecorded,analysis-energy-weighted.json population.energies
Fe-TMP-Cl,41,-165.95469986,unrecorded,analysis-energy-weighted.json population.energies
Fe-TMP-Cl,42,-165.95462641,unrecorded,analysis-energy-weighted.json population.energies
Fe-TMP-Cl,43,-165.95461665,unrecorded,analysis-energy-weighted.json population.energies
Fe-TMP-Cl,44,-165.95462569,unrecorded,analysis-energy-weighted.json population.energies
Fe-TMP-Cl,45,-165.95459634,unrecorded,analysis-energy-weighted.json population.energies
Fe-TMP-Cl,46,-165.9545429,unrecorded,analysis-energy-weighted.json population.energies
Fe-TMP-Cl,47,-165.95447731,unrecorded,analysis-energy-weighted.json population.energies
Fe-TMP-Cl,48,-165.95443676,unrecorded,analysis-energy-weighted.json population.energies
Fe-TMP-Cl,49,-165.95439868,unrecorded,analysis-energy-weighted.json population.energies
Fe-TMP-Cl,50,-165.95437775,unrecorded,analysis-energy-weighted.json population.energies
Fe-TMP-Cl,51,-165.95434293,unrecorded,analysis-energy-weighted.json population.energies
Fe-TMP-Cl,52,-165.95442598,unrecorded,analysis-energy-weighted.json population.energies
Fe-TMP-Cl,53,-165.95438002,unrecorded,analysis-energy-weighted.json population.energies
Fe-TMP-Cl,54,-165.95431188,unrecorded,analysis-energy-weighted.json population.energies
Fe-TMP-Cl,55,-165.95430692,unrecorded,analysis-energy-weighted.json population.energies
Fe-TMP-Cl,56,-165.95428857,unrecorded,analysis-energy-weighted.json population.energies
Fe-TMP-Cl,57,-165.95421531,unrecorded,analysis-energy-weighted.json population.energies
Fe-TMP-Cl,58,-165.95419753,unrecorded,analysis-energy-weighted.json population.energies
Fe-TMP-Cl,59,-165.95416609,unrecorded,analysis-energy-weighted.json population.energies
Fe-TMP-Cl,60,-165.95412028,unrecorded,analysis-energy-weighted.json population.energies
Fe-TMP-Cl,61,-165.95408004,unrecorded,analysis-energy-weighted.json population.energies
Fe-TMP-Cl,62,-165.95407113,unrecorded,analysis-energy-weighted.json population.energies
Fe-TMP-Cl,63,-165.95405137,unrecorded,analysis-energy-weighted.json population.energies
Fe-TMP-Cl,64,-165.95403629,unrecorded,analysis-energy-weighted.json population.energies
Fe-TMP-Cl,65,-165.95400981,unrecorded,analysis-energy-weighted.json population.energies
Fe-TMP-Cl,66,-165.9539817,unrecorded,analysis-energy-weighted.json population.energies
Fe-TMP-Cl,67,-165.9539505,unrecorded,analysis-energy-weighted.json population.energies
Fe-TMP-Cl,68,-165.95394477,unrecorded,analysis-energy-weighted.json population.energies
Fe-TMP-Cl,69,-165.95390265,unrecorded,analysis-energy-weighted.json population.energies
Fe-TMP-Cl,70,-165.95388977,unrecorded,analysis-energy-weighted.json population.energies
Fe-TMP-Cl,71,-165.95384965,unrecorded,analysis-energy-weighted.json population.energies
Fe-TMP-Cl,72,-165.95383248,unrecorded,analysis-energy-weighted.json population.energies
Fe-TMP-Cl,73,-165.95383111,unrecorded,analysis-energy-weighted.json population.energies
Fe-TMP-Cl,74,-165.9538252,unrecorded,analysis-energy-weighted.json population.energies
Fe-TMP-Cl,75,-165.95379224,unrecorded,analysis-energy-weighted.json population.energies
Fe-TMP-Cl,76,-165.95376004,unrecorded,analysis-energy-weighted.json population.energies
Fe-TMP-Cl,77,-165.95368602,unrecorded,analysis-energy-weighted.json population.energies
Fe-TMP-Cl,78,-165.95374515,unrecorded,analysis-energy-weighted.json population.energies
Fe-TMP-Cl,79,-165.95359828,unrecorded,analysis-energy-weighted.json population.energies
Fe-TMP-Cl,80,-165.95353508,unrecorded,analysis-energy-weighted.json population.energies
Fe-TMP-Cl,81,-165.95353008,unrecorded,analysis-energy-weighted.json population.energies
Fe-TMP-Cl,82,-165.95347341,unrecorded,analysis-energy-weighted.json population.energies
Fe-TMP-Cl,83,-165.95347338,unrecorded,analysis-energy-weighted.json population.energies
Fe-TMP-Cl,84,-165.95345487,unrecorded,analysis-energy-weighted.json population.energies
Fe-TMP-Cl,85,-165.95343485,unrecorded,analysis-energy-weighted.json population.energies
Fe-TMP-Cl,86,-165.95339709,unrecorded,analysis-energy-weighted.json population.energies
Fe-TMP-Cl,87,-165.95337656,unrecorded,analysis-energy-weighted.json population.energies
Fe-TMP-Cl,88,-165.95333929,unrecorded,analysis-energy-weighted.json population.energies
Fe-TMP-Cl,89,-165.95332567,unrecorded,analysis-energy-weighted.json population.energies
Fe-TMP-Cl,90,-165.95332268,unrecorded,analysis-energy-weighted.json population.energies
Fe-TMP-Cl,91,-165.95331038,unrecorded,analysis-energy-weighted.json population.energies
Fe-TMP-Cl,92,-165.95330737,unrecorded,analysis-energy-weighted.json population.energies
Fe-TMP-Cl,93,-165.95327781,unrecorded,analysis-energy-weighted.json population.energies
Fe-TMP-Cl,94,-165.95328684,unrecorded,analysis-energy-weighted.json population.energies
Fe-TMP-Cl,95,-165.95324788,unrecorded,analysis-energy-weighted.json population.energies
Fe-TMP-Cl,96,-165.95324191,unrecorded,analysis-energy-weighted.json population.energies
Fe-TMP-Cl,97,-165.95320275,unrecorded,analysis-energy-weighted.json population.energies
Fe-TMP-Cl,98,-165.95318264,unrecorded,analysis-energy-weighted.json population.energies
Fe-TMP-Cl,99,-165.95305877,unrecorded,analysis-energy-weighted.json population.energies
Fe-TMP-Cl,100,-165.95301899,unrecorded,analysis-energy-weighted.json population.energies
Fe-TMP-Cl,101,-165.95301647,unrecorded,analysis-energy-weighted.json population.energies
Fe-TMP-Cl,102,-165.95300775,unrecorded,analysis-energy-weighted.json population.energies
Fe-TMP-Cl,103,-165.95293145,unrecorded,analysis-energy-weighted.json population.energies
Fe-TMP-Cl,104,-165.9529969,unrecorded,analysis-energy-weighted.json population.energies
Fe-TMP-Cl,105,-165.95288431,unrecorded,analysis-energy-weighted.json population.energies
Fe-TMP-Cl,106,-165.95285129,unrecorded,analysis-energy-weighted.json population.energies
Fe-TMP-Cl,107,-165.95273616,unrecorded,analysis-energy-weighted.json population.energies
Fe-TMP-Cl,108,-165.95273452,unrecorded,analysis-energy-weighted.json population.energies
Fe-TMP-Cl,109,-165.95272617,unrecorded,analysis-energy-weighted.json population.energies
Fe-TMP-Cl,110,-165.95271408,unrecorded,analysis-energy-weighted.json population.energies
Fe-TMP-Cl,111,-165.95270839,unrecorded,analysis-energy-weighted.json population.energies
Fe-TMP-Cl,112,-165.95267967,unrecorded,analysis-energy-weighted.json population.energies
Fe-TMP-Cl,113,-165.95267487,unrecorded,analysis-energy-weighted.json population.energies
Fe-TMP-Cl,114,-165.95266879,unrecorded,analysis-energy-weighted.json population.energies
Fe-TMP-Cl,115,-165.95266528,unrecorded,analysis-energy-weighted.json population.energies
Fe-TMP-Cl,116,-165.95256605,unrecorded,analysis-energy-weighted.json population.energies
Fe-TMP-Cl,117,-165.95256236,unrecorded,analysis-energy-weighted.json population.energies
Fe-TMP-Cl,118,-165.95255888,unrecorded,analysis-energy-weighted.json population.energies
Fe-TMP-Cl,119,-165.95254881,unrecorded,analysis-energy-weighted.json population.energies
Fe-TMP-Cl,120,-165.95248161,unrecorded,analysis-energy-weighted.json population.energies
Fe-TMP-Cl,121,-165.95236706,unrecorded,analysis-energy-weighted.json population.energies
Fe-TMP-Cl,122,-165.95236598,unrecorded,analysis-energy-weighted.json population.energies
Fe-TMP-Cl,123,-165.95235135,unrecorded,analysis-energy-weighted.json population.energies
Fe-TMP-Cl,124,-165.95232881,unrecorded,analysis-energy-weighted.json population.energies
Fe-TMP-Cl,125,-165.95228713,unrecorded,analysis-energy-weighted.json population.energies
Fe-TMP-Cl,126,-165.95228227,unrecorded,analysis-energy-weighted.json population.energies
Fe-TMP-Cl,127,-165.95226564,unrecorded,analysis-energy-weighted.json population.energies
Fe-TMP-Cl,128,-165.95225088,unrecorded,analysis-energy-weighted.json population.energies
Fe-TMP-Cl,129,-165.95220096,unrecorded,analysis-energy-weighted.json population.energies
Fe-TMP-Cl,130,-165.95219463,unrecorded,analysis-energy-weighted.json population.energies
Fe-TMP-Cl,131,-165.95218029,unrecorded,analysis-energy-weighted.json population.energies
Fe-TMP-Cl,132,-165.95215402,unrecorded,analysis-energy-weighted.json population.energies
Fe-TMP-Cl,133,-165.95213611,unrecorded,analysis-energy-weighted.json population.energies
Fe-TMP-Cl,134,-165.95209507,unrecorded,analysis-energy-weighted.json population.energies
Fe-TMP-Cl,135,-165.95209263,unrecorded,analysis-energy-weighted.json population.energies
Fe-TMP-Cl,136,-165.95204404,unrecorded,analysis-energy-weighted.json population.energies
Fe-TMP-Cl,137,-165.95209165,unrecorded,analysis-energy-weighted.json population.energies
Fe-TMP-Cl,138,-165.95202924,unrecorded,analysis-energy-weighted.json population.energies
Fe-TMP-Cl,139,-165.95201715,unrecorded,analysis-energy-weighted.json population.energies
Fe-TMP-Cl,140,-165.95197313,unrecorded,analysis-energy-weighted.json population.energies
Fe-TMP-Cl,141,-165.95192907,unrecorded,analysis-energy-weighted.json population.energies
Fe-TMP-Cl,142,-165.9519284,unrecorded,analysis-energy-weighted.json population.energies
Fe-TMP-Cl,143,-165.95187625,unrecorded,analysis-energy-weighted.json population.energies
Fe-TMP-Cl,144,-165.95181868,unrecorded,analysis-energy-weighted.json population.energies
Fe-TMP-Cl,145,-165.95186135,unrecorded,analysis-energy-weighted.json population.energies
Fe-TMP-Cl,146,-165.95177343,unrecorded,analysis-energy-weighted.json population.energies
Fe-TMP-Cl,147,-165.95177106,unrecorded,analysis-energy-weighted.json population.energies
Fe-TMP-Cl,148,-165.95174815,unrecorded,analysis-energy-weighted.json population.energies
Fe-TMP-Cl,149,-165.95170211,unrecorded,analysis-energy-weighted.json population.energies
Fe-TMP-Cl,150,-165.95169705,unrecorded,analysis-energy-weighted.json population.energies
Fe-TMP-Cl,151,-165.95161661,unrecorded,analysis-energy-weighted.json population.energies
Fe-TMP-Cl,152,-165.95161624,unrecorded,analysis-energy-weighted.json population.energies
Fe-TMP-Cl,153,-165.95158659,unrecorded,analysis-energy-weighted.json population.energies
Fe-TMP-Cl,154,-165.95142858,unrecorded,analysis-energy-weighted.json population.energies
Fe-TMP-Cl,155,-165.95141144,unrecorded,analysis-energy-weighted.json population.energies
Fe-TMP-Cl,156,-165.951403,unrecorded,analysis-energy-weighted.json population.energies
Fe-TMP-Cl,157,-165.9513486,unrecorded,analysis-energy-weighted.json population.energies
Fe-TMP-Cl,158,-165.95129705,unrecorded,analysis-energy-weighted.json population.energies
Fe-TMP-Cl,159,-165.95127457,unrecorded,analysis-energy-weighted.json population.energies
Fe-TMP-Cl,160,-165.95126871,unrecorded,analysis-energy-weighted.json population.energies
Fe-TMP-Cl,161,-165.95126344,unrecorded,analysis-energy-weighted.json population.energies
Fe-TMP-Cl,162,-165.9512115,unrecorded,analysis-energy-weighted.json population.energies
Fe-TMP-Cl,163,-165.95117213,unrecorded,analysis-energy-weighted.json population.energies
Fe-TMP-Cl,164,-165.95116751,unrecorded,analysis-energy-weighted.json population.energies
Fe-TMP-Cl,165,-165.95113491,unrecorded,analysis-energy-weighted.json population.energies
Fe-TMP-Cl,166,-165.95112277,unrecorded,analysis-energy-weighted.json population.energies
Fe-TMP-Cl,167,-165.95109965,unrecorded,analysis-energy-weighted.json population.energies
Fe-TMP-Cl,168,-165.95104518,unrecorded,analysis-energy-weighted.json population.energies
Fe-TMP-Cl,169,-165.95099764,unrecorded,analysis-energy-weighted.json population.energies
Fe-TMP-Cl,170,-165.95103409,unrecorded,analysis-energy-weighted.json population.energies
Fe-TMP-Cl,171,-165.95097653,unrecorded,analysis-energy-weighted.json population.energies
Fe-TMP-Cl,172,-165.95092083,unrecorded,analysis-energy-weighted.json population.energies
Fe-TMP-Cl,173,-165.95087572,unrecorded,analysis-energy-weighted.json population.energies
Fe-TMP-Cl,174,-165.95066105,unrecorded,analysis-energy-weighted.json population.energies
Fe-TMP-Cl,175,-165.9506304,unrecorded,analysis-energy-weighted.json population.energies
Fe-TMP-Cl,176,-165.95060396,unrecorded,analysis-energy-weighted.json population.energies
Fe-TMP-Cl,177,-165.95052884,unrecorded,analysis-energy-weighted.json population.energies
Fe-TMP-Cl,178,-165.95048225,unrecorded,analysis-energy-weighted.json population.energies
Fe-TMP-Cl,179,-165.95046207,unrecorded,analysis-energy-weighted.json population.energies
Fe-TMP-Cl,180,-165.9504561,unrecorded,analysis-energy-weighted.json population.energies
Fe-TMP-Cl,181,-165.95042125,unrecorded,analysis-energy-weighted.json population.energies
Fe-TMP-Cl,182,-165.95036625,unrecorded,analysis-energy-weighted.json population.energies
Fe-TMP-Cl,183,-165.95031779,unrecorded,analysis-energy-weighted.json population.energies
Fe-TMP-Cl,184,-165.95031635,unrecorded,analysis-energy-weighted.json population.energies
Fe-TMP-Cl,185,-165.95027737,unrecorded,analysis-energy-weighted.json population.energies
Fe-TMP-Cl,186,-165.95031594,unrecorded,analysis-energy-weighted.json population.energies
Fe-TMP-Cl,187,-165.95024747,unrecorded,analysis-energy-weighted.json population.energies
Fe-TMP-Cl,188,-165.95016004,unrecorded,analysis-energy-weighted.json population.energies
Fe-TMP-Cl,189,-165.95015834,unrecorded,analysis-energy-weighted.json population.energies
Fe-TMP-Cl,190,-165.95010998,unrecorded,analysis-energy-weighted.json population.energies
Fe-TMP-Cl,191,-165.95008893,unrecorded,analysis-energy-weighted.json population.energies
Fe-TMP-Cl,192,-165.95008236,unrecorded,analysis-energy-weighted.json population.energies
Fe-TMP-Cl,193,-165.94995515,unrecorded,analysis-energy-weighted.json population.energies
Fe-TMP-Cl,194,-165.94985606,unrecorded,analysis-energy-weighted.json population.energies
Fe-TMP-Cl,195,-165.94983666,unrecorded,analysis-energy-weighted.json population.energies
Fe-TMP-Cl,196,-165.94975273,unrecorded,analysis-energy-weighted.json population.energies
Fe-TMP-Cl,197,-165.94971131,unrecorded,analysis-energy-weighted.json population.energies
Fe-TMP-Cl,198,-165.94951791,unrecorded,analysis-energy-weighted.json population.energies
Fe-TMP-Cl,199,-165.94949933,unrecorded,analysis-energy-weighted.json population.energies
Fe-TMP-Cl,200,-165.94946783,unrecorded,analysis-energy-weighted.json population.energies
Fe-TMP-Cl,201,-165.94946187,unrecorded,analysis-energy-weighted.json population.energies
Fe-TMP-Cl,202,-165.94942864,unrecorded,analysis-energy-weighted.json population.energies
Fe-TMP-Cl,203,-165.94940038,unrecorded,analysis-energy-weighted.json population.energies
Fe-TMP-Cl,204,-165.94934594,unrecorded,analysis-energy-weighted.json population.energies
Fe-TMP-Cl,205,-165.94926599,unrecorded,analysis-energy-weighted.json population.energies
Fe-TMP-Cl,206,-165.94925791,unrecorded,analysis-energy-weighted.json population.energies
Fe-TMP-Cl,207,-165.94921514,unrecorded,analysis-energy-weighted.json population.energies
Fe-TMP-Cl,208,-165.9491721,unrecorded,analysis-energy-weighted.json population.energies
Fe-TMP-Cl,209,-165.94916599,unrecorded,analysis-energy-weighted.json population.energies
Fe-TMP-Cl,210,-165.94901862,unrecorded,analysis-energy-weighted.json population.energies
Fe-TMP-Cl,211,-165.9490106,unrecorded,analysis-energy-weighted.json population.energies
Fe-TPP-Cl,1,-127.90197213,unrecorded,analysis-energy-weighted.json population.energies
Fe-TPP-Cl,2,-127.90196272,unrecorded,analysis-energy-weighted.json population.energies
Fe-TPP-Cl,3,-127.90183299,unrecorded,analysis-energy-weighted.json population.energies
Fe-TPP-Cl,4,-127.90174364,unrecorded,analysis-energy-weighted.json population.energies
Fe-TPP-Cl,5,-127.90160939,unrecorded,analysis-energy-weighted.json population.energies
Fe-TPP-Cl,6,-127.90148574,unrecorded,analysis-energy-weighted.json population.energies
Fe-TPP-Cl,7,-127.90141884,unrecorded,analysis-energy-weighted.json population.energies
Fe-TPP-Cl,8,-127.90129334,unrecorded,analysis-energy-weighted.json population.energies
Fe-TPP-Cl,9,-127.90125603,unrecorded,analysis-energy-weighted.json population.energies
Fe-TPP-Cl,10,-127.90101959,unrecorded,analysis-energy-weighted.json population.energies
Fe-TPP-Cl,11,-127.90097508,unrecorded,analysis-energy-weighted.json population.energies
Fe-TPP-Cl,12,-127.90101254,unrecorded,analysis-energy-weighted.json population.energies
Fe-TPP-Cl,13,-127.9009192,unrecorded,analysis-energy-weighted.json population.energies
Fe-TPP-Cl,14,-127.90076858,unrecorded,analysis-energy-weighted.json population.energies
Fe-TPP-Cl,15,-127.90072624,unrecorded,analysis-energy-weighted.json population.energies
Fe-TPP-Cl,16,-127.90070847,unrecorded,analysis-energy-weighted.json population.energies
Fe-TPP-Cl,17,-127.90068775,unrecorded,analysis-energy-weighted.json population.energies
Fe-TPP-Cl,18,-127.90061462,unrecorded,analysis-energy-weighted.json population.energies
Fe-TPP-Cl,19,-127.90064763,unrecorded,analysis-energy-weighted.json population.energies
Fe-TPP-Cl,20,-127.90055191,unrecorded,analysis-energy-weighted.json population.energies
Fe-TPP-Cl,21,-127.90053225,unrecorded,analysis-energy-weighted.json population.energies
Fe-TPP-Cl,22,-127.90050363,unrecorded,analysis-energy-weighted.json population.energies
Fe-TPP-Cl,23,-127.90045985,unrecorded,analysis-energy-weighted.json population.energies
Fe-TPP-Cl,24,-127.90040426,unrecorded,analysis-energy-weighted.json population.energies
Fe-TPP-Cl,25,-127.9003779,unrecorded,analysis-energy-weighted.json population.energies
Fe-TPP-Cl,26,-127.90033883,unrecorded,analysis-energy-weighted.json population.energies
Fe-TPP-Cl,27,-127.9002002,unrecorded,analysis-energy-weighted.json population.energies
Fe-TPP-Cl,28,-127.90018753,unrecorded,analysis-energy-weighted.json population.energies
Fe-TPP-Cl,29,-127.90011309,unrecorded,analysis-energy-weighted.json population.energies
Fe-TPP-Cl,30,-127.90010449,unrecorded,analysis-energy-weighted.json population.energies
Fe-TPP-Cl,31,-127.9000981,unrecorded,analysis-energy-weighted.json population.energies
Fe-TPP-Cl,32,-127.90003825,unrecorded,analysis-energy-weighted.json population.energies
Fe-TPP-Cl,33,-127.90002031,unrecorded,analysis-energy-weighted.json population.energies
Fe-TPP-Cl,34,-127.89996319,unrecorded,analysis-energy-weighted.json population.energies
Fe-TPP-Cl,35,-127.89992362,unrecorded,analysis-energy-weighted.json population.energies
Fe-TPP-Cl,36,-127.89995643,unrecorded,analysis-energy-weighted.json population.energies
Fe-TPP-Cl,37,-127.89987226,unrecorded,analysis-energy-weighted.json population.energies
Fe-TPP-Cl,38,-127.89979545,unrecorded,analysis-energy-weighted.json population.energies
Fe-TPP-Cl,39,-127.89974383,unrecorded,analysis-energy-weighted.json population.energies
Fe-TPP-Cl,40,-127.899768,unrecorded,analysis-energy-weighted.json population.energies
Fe-TPP-Cl,41,-127.89975755,unrecorded,analysis-energy-weighted.json population.energies
Fe-TPP-Cl,42,-127.89966692,unrecorded,analysis-energy-weighted.json population.energies
Fe-TPP-Cl,43,-127.89964954,unrecorded,analysis-energy-weighted.json population.energies
Fe-TPP-Cl,44,-127.89961064,unrecorded,analysis-energy-weighted.json population.energies
Fe-TPP-Cl,45,-127.89964896,unrecorded,analysis-energy-weighted.json population.energies
Fe-TPP-Cl,46,-127.89957513,unrecorded,analysis-energy-weighted.json population.energies
Fe-TPP-Cl,47,-127.89952793,unrecorded,analysis-energy-weighted.json population.energies
Fe-TPP-Cl,48,-127.89948491,unrecorded,analysis-energy-weighted.json population.energies
Fe-TPP-Cl,49,-127.89948043,unrecorded,analysis-energy-weighted.json population.energies
Fe-TPP-Cl,50,-127.89944638,unrecorded,analysis-energy-weighted.json population.energies
Fe-TPP-Cl,51,-127.89939603,unrecorded,analysis-energy-weighted.json population.energies
Fe-TPP-Cl,52,-127.8993804,unrecorded,analysis-energy-weighted.json population.energies
Fe-TPP-Cl,53,-127.89934697,unrecorded,analysis-energy-weighted.json population.energies
Fe-TPP-Cl,54,-127.89933364,unrecorded,analysis-energy-weighted.json population.energies
Fe-TPP-Cl,55,-127.8993116,unrecorded,analysis-energy-weighted.json population.energies
Fe-TPP-Cl,56,-127.89927287,unrecorded,analysis-energy-weighted.json population.energies
Fe-TPP-Cl,57,-127.89923999,unrecorded,analysis-energy-weighted.json population.energies
Fe-TPP-Cl,58,-127.89922817,unrecorded,analysis-energy-weighted.json population.energies
Fe-TPP-Cl,59,-127.89922072,unrecorded,analysis-energy-weighted.json population.energies
Fe-TPP-Cl,60,-127.89916992,unrecorded,analysis-energy-weighted.json population.energies
Fe-TPP-Cl,61,-127.89921317,unrecorded,analysis-energy-weighted.json population.energies
Fe-TPP-Cl,62,-127.89911231,unrecorded,analysis-energy-weighted.json population.energies
Fe-TPP-Cl,63,-127.89904777,unrecorded,analysis-energy-weighted.json population.energies
Fe-TPP-Cl,64,-127.89900318,unrecorded,analysis-energy-weighted.json population.energies
Fe-TPP-Cl,65,-127.89898553,unrecorded,analysis-energy-weighted.json population.energies
Fe-TPP-Cl,66,-127.89898242,unrecorded,analysis-energy-weighted.json population.energies
Fe-TPP-Cl,67,-127.89889606,unrecorded,analysis-energy-weighted.json population.energies
Fe-TPP-Cl,68,-127.89889351,unrecorded,analysis-energy-weighted.json population.energies
Fe-TPP-Cl,69,-127.89885552,unrecorded,analysis-energy-weighted.json population.energies
Fe-TPP-Cl,70,-127.898851,unrecorded,analysis-energy-weighted.json population.energies
Fe-TPP-Cl,71,-127.89882082,unrecorded,analysis-energy-weighted.json population.energies
Fe-TPP-Cl,72,-127.8987728,unrecorded,analysis-energy-weighted.json population.energies
Fe-TPP-Cl,73,-127.89877237,unrecorded,analysis-energy-weighted.json population.energies
Fe-TPP-Cl,74,-127.8987334,unrecorded,analysis-energy-weighted.json population.energies
Fe-TPP-Cl,75,-127.89865642,unrecorded,analysis-energy-weighted.json population.energies
Fe-TPP-Cl,76,-127.89865267,unrecorded,analysis-energy-weighted.json population.energies
Fe-TPP-Cl,77,-127.89860791,unrecorded,analysis-energy-weighted.json population.energies
Fe-TPP-Cl,78,-127.89859389,unrecorded,analysis-energy-weighted.json population.energies
Fe-TPP-Cl,79,-127.8985456,unrecorded,analysis-energy-weighted.json population.energies
Fe-TPP-Cl,80,-127.89853536,unrecorded,analysis-energy-weighted.json population.energies
Fe-TPP-Cl,81,-127.89854058,unrecorded,analysis-energy-weighted.json population.energies
Fe-TPP-Cl,82,-127.89841715,unrecorded,analysis-energy-weighted.json population.energies
Fe-TPP-Cl,83,-127.89841321,unrecorded,analysis-energy-weighted.json population.energies
Fe-TPP-Cl,84,-127.89838523,unrecorded,analysis-energy-weighted.json population.energies
Fe-TPP-Cl,85,-127.89834703,unrecorded,analysis-energy-weighted.json population.energies
Fe-TPP-Cl,86,-127.89832761,unrecorded,analysis-energy-weighted.json population.energies
Fe-TPP-Cl,87,-127.89829368,unrecorded,analysis-energy-weighted.json population.energies
Fe-TPP-Cl,88,-127.89829191,unrecorded,analysis-energy-weighted.json population.energies
Fe-TPP-Cl,89,-127.89829723,unrecorded,analysis-energy-weighted.json population.energies
Fe-TPP-Cl,90,-127.89821672,unrecorded,analysis-energy-weighted.json population.energies
Fe-TPP-Cl,91,-127.89820267,unrecorded,analysis-energy-weighted.json population.energies
Fe-TPP-Cl,92,-127.89816299,unrecorded,analysis-energy-weighted.json population.energies
Fe-TPP-Cl,93,-127.8981628,unrecorded,analysis-energy-weighted.json population.energies
Fe-TPP-Cl,94,-127.89813652,unrecorded,analysis-energy-weighted.json population.energies
Fe-TPP-Cl,95,-127.89810172,unrecorded,analysis-energy-weighted.json population.energies
Fe-TPP-Cl,96,-127.89810149,unrecorded,analysis-energy-weighted.json population.energies
Fe-TPP-Cl,97,-127.89810091,unrecorded,analysis-energy-weighted.json population.energies
Fe-TPP-Cl,98,-127.89809657,unrecorded,analysis-energy-weighted.json population.energies
Fe-TPP-Cl,99,-127.89801237,unrecorded,analysis-energy-weighted.json population.energies
Fe-TPP-Cl,100,-127.89798393,unrecorded,analysis-energy-weighted.json population.energies
Fe-TPP-Cl,101,-127.89798144,unrecorded,analysis-energy-weighted.json population.energies
Fe-TPP-Cl,102,-127.89797579,unrecorded,analysis-energy-weighted.json population.energies
Fe-TPP-Cl,103,-127.89801879,unrecorded,analysis-energy-weighted.json population.energies
Fe-TPP-Cl,104,-127.89797873,unrecorded,analysis-energy-weighted.json population.energies
Fe-TPP-Cl,105,-127.89794339,unrecorded,analysis-energy-weighted.json population.energies
Fe-TPP-Cl,106,-127.89791268,unrecorded,analysis-energy-weighted.json population.energies
Fe-TPP-Cl,107,-127.8978847,unrecorded,analysis-energy-weighted.json population.energies
Fe-TPP-Cl,108,-127.89785798,unrecorded,analysis-energy-weighted.json population.energies
Fe-TPP-Cl,109,-127.89778501,unrecorded,analysis-energy-weighted.json population.energies
Fe-TPP-Cl,110,-127.89783809,unrecorded,analysis-energy-weighted.json population.energies
Fe-TPP-Cl,111,-127.89775874,unrecorded,analysis-energy-weighted.json population.energies
Fe-TPP-Cl,112,-127.89775791,unrecorded,analysis-energy-weighted.json population.energies
Fe-TPP-Cl,113,-127.89774039,unrecorded,analysis-energy-weighted.json population.energies
Fe-TPP-Cl,114,-127.89773617,unrecorded,analysis-energy-weighted.json population.energies
Fe-TPP-Cl,115,-127.89771726,unrecorded,analysis-energy-weighted.json population.energies
Fe-TPP-Cl,116,-127.8976759,unrecorded,analysis-energy-weighted.json population.energies
Fe-TPP-Cl,117,-127.89761057,unrecorded,analysis-energy-weighted.json population.energies
Fe-TPP-Cl,118,-127.8975823,unrecorded,analysis-energy-weighted.json population.energies
Fe-TPP-Cl,119,-127.8975811,unrecorded,analysis-energy-weighted.json population.energies
Fe-TPP-Cl,120,-127.89755357,unrecorded,analysis-energy-weighted.json population.energies
Fe-TPP-Cl,121,-127.89754571,unrecorded,analysis-energy-weighted.json population.energies
Fe-TPP-Cl,122,-127.89754041,unrecorded,analysis-energy-weighted.json population.energies
Fe-TPP-Cl,123,-127.89751667,unrecorded,analysis-energy-weighted.json population.energies
Fe-TPP-Cl,124,-127.89752399,unrecorded,analysis-energy-weighted.json population.energies
Fe-TPP-Cl,125,-127.89752076,unrecorded,analysis-energy-weighted.json population.energies
Fe-TPP-Cl,126,-127.8974853,unrecorded,analysis-energy-weighted.json population.energies
Fe-TPP-Cl,127,-127.89747798,unrecorded,analysis-energy-weighted.json population.energies
Fe-TPP-Cl,128,-127.89745543,unrecorded,analysis-energy-weighted.json population.energies
Fe-TPP-Cl,129,-127.89742984,unrecorded,analysis-energy-weighted.json population.energies
Fe-TPP-Cl,130,-127.89738889,unrecorded,analysis-energy-weighted.json population.energies
Fe-TPP-Cl,131,-127.89739852,unrecorded,analysis-energy-weighted.json population.energies
Fe-TPP-Cl,132,-127.89739256,unrecorded,analysis-energy-weighted.json population.energies
Fe-TPP-Cl,133,-127.89735416,unrecorded,analysis-energy-weighted.json population.energies
Fe-TPP-Cl,134,-127.89741828,unrecorded,analysis-energy-weighted.json population.energies
Fe-TPP-Cl,135,-127.89741523,unrecorded,analysis-energy-weighted.json population.energies
Fe-TPP-Cl,136,-127.89735055,unrecorded,analysis-energy-weighted.json population.energies
Fe-TPP-Cl,137,-127.89733072,unrecorded,analysis-energy-weighted.json population.energies
Fe-TPP-Cl,138,-127.89731804,unrecorded,analysis-energy-weighted.json population.energies
Fe-TPP-Cl,139,-127.89730595,unrecorded,analysis-energy-weighted.json population.energies
Fe-TPP-Cl,140,-127.89729312,unrecorded,analysis-energy-weighted.json population.energies
Fe-TPP-Cl,141,-127.89724274,unrecorded,analysis-energy-weighted.json population.energies
Fe-TPP-Cl,142,-127.89722682,unrecorded,analysis-energy-weighted.json population.energies
Fe-TPP-Cl,143,-127.89725109,unrecorded,analysis-energy-weighted.json population.energies
Fe-TPP-Cl,144,-127.89721729,unrecorded,analysis-energy-weighted.json population.energies
Fe-TPP-Cl,145,-127.89722925,unrecorded,analysis-energy-weighted.json population.energies
Fe-TPP-Cl,146,-127.89718176,unrecorded,analysis-energy-weighted.json population.energies
Fe-TPP-Cl,147,-127.89717638,unrecorded,analysis-energy-weighted.json population.energies
Fe-TPP-Cl,148,-127.8971479,unrecorded,analysis-energy-weighted.json population.energies
Fe-TPP-Cl,149,-127.89711899,unrecorded,analysis-energy-weighted.json population.energies
Fe-TPP-Cl,150,-127.89710831,unrecorded,analysis-energy-weighted.json population.energies
Fe-TPP-Cl,151,-127.8971065,unrecorded,analysis-energy-weighted.json population.energies
Fe-TPP-Cl,152,-127.8970999,unrecorded,analysis-energy-weighted.json population.energies
Fe-TPP-Cl,153,-127.89708759,unrecorded,analysis-energy-weighted.json population.energies
Fe-TPP-Cl,154,-127.8970647,unrecorded,analysis-energy-weighted.json population.energies
Fe-TPP-Cl,155,-127.89704109,unrecorded,analysis-energy-weighted.json population.energies
Fe-TPP-Cl,156,-127.89701653,unrecorded,analysis-energy-weighted.json population.energies
Fe-TPP-Cl,157,-127.89705435,unrecorded,analysis-energy-weighted.json population.energies
Fe-TPP-Cl,158,-127.89701316,unrecorded,analysis-energy-weighted.json population.energies
Fe-TPP-Cl,159,-127.89696214,unrecorded,analysis-energy-weighted.json population.energies
Fe-TPP-Cl,160,-127.89695935,unrecorded,analysis-energy-weighted.json population.energies
Fe-TPP-Cl,161,-127.89690551,unrecorded,analysis-energy-weighted.json population.energies
Fe-TPP-Cl,162,-127.89690077,unrecorded,analysis-energy-weighted.json population.energies
Fe-TPP-Cl,163,-127.89688881,unrecorded,analysis-energy-weighted.json population.energies
Fe-TPP-Cl,164,-127.89688217,unrecorded,analysis-energy-weighted.json population.energies
Fe-TPP-Cl,165,-127.89694184,unrecorded,analysis-energy-weighted.json population.energies
Fe-TPP-Cl,166,-127.89688201,unrecorded,analysis-energy-weighted.json population.energies
Fe-TPP-Cl,167,-127.89684496,unrecorded,analysis-energy-weighted.json population.energies
Fe-TPP-Cl,168,-127.89684011,unrecorded,analysis-energy-weighted.json population.energies
Fe-TPP-Cl,169,-127.89681971,unrecorded,analysis-energy-weighted.json population.energies
Fe-TPP-Cl,170,-127.89677953,unrecorded,analysis-energy-weighted.json population.energies
Fe-TPP-Cl,171,-127.8968171,unrecorded,analysis-energy-weighted.json population.energies
Fe-TPP-Cl,172,-127.89677227,unrecorded,analysis-energy-weighted.json population.energies
Fe-TPP-Cl,173,-127.89672867,unrecorded,analysis-energy-weighted.json population.energies
Fe-TPP-Cl,174,-127.89669545,unrecorded,analysis-energy-weighted.json population.energies
Fe-TPP-Cl,175,-127.89669416,unrecorded,analysis-energy-weighted.json population.energies
Fe-TPP-Cl,176,-127.8966837,unrecorded,analysis-energy-weighted.json population.energies
Fe-TPP-Cl,177,-127.8966779,unrecorded,analysis-energy-weighted.json population.energies
Fe-TPP-Cl,178,-127.89667316,unrecorded,analysis-energy-weighted.json population.energies
Fe-TPP-Cl,179,-127.89664511,unrecorded,analysis-energy-weighted.json population.energies
Fe-TPP-Cl,180,-127.89663048,unrecorded,analysis-energy-weighted.json population.energies
Fe-TPP-Cl,181,-127.89660057,unrecorded,analysis-energy-weighted.json population.energies
Fe-TPP-Cl,182,-127.8965946,unrecorded,analysis-energy-weighted.json population.energies
Fe-TPP-Cl,183,-127.89658809,unrecorded,analysis-energy-weighted.json population.energies
Fe-TPP-Cl,184,-127.89649619,unrecorded,analysis-energy-weighted.json population.energies
Fe-TPP-Cl,185,-127.89644487,unrecorded,analysis-energy-weighted.json population.energies
Fe-TPP-Cl,186,-127.89641814,unrecorded,analysis-energy-weighted.json population.energies
Fe-TPP-Cl,187,-127.89636593,unrecorded,analysis-energy-weighted.json population.energies
Fe-TPP-Cl,188,-127.89637351,unrecorded,analysis-energy-weighted.json population.energies
Fe-TPP-Cl,189,-127.8963507,unrecorded,analysis-energy-weighted.json population.energies
Fe-TPP-Cl,190,-127.89634398,unrecorded,analysis-energy-weighted.json population.energies
Fe-TPP-Cl,191,-127.89632275,unrecorded,analysis-energy-weighted.json population.energies
Fe-TPP-Cl,192,-127.8962686,unrecorded,analysis-energy-weighted.json population.energies
Fe-TPP-Cl,193,-127.89627679,unrecorded,analysis-energy-weighted.json population.energies
Fe-TPP-Cl,194,-127.89628511,unrecorded,analysis-energy-weighted.json population.energies
Fe-TPP-Cl,195,-127.896263,unrecorded,analysis-energy-weighted.json population.energies
Fe-TPP-Cl,196,-127.89621114,unrecorded,analysis-energy-weighted.json population.energies
Fe-TPP-Cl,197,-127.89618505,unrecorded,analysis-energy-weighted.json population.energies
Fe-TPP-Cl,198,-127.89617441,unrecorded,analysis-energy-weighted.json population.energies
Fe-TPP-Cl,199,-127.89614898,unrecorded,analysis-energy-weighted.json population.energies
Fe-TPP-Cl,200,-127.8960936,unrecorded,analysis-energy-weighted.json population.energies
Fe-TPP-Cl,201,-127.89601903,unrecorded,analysis-energy-weighted.json population.energies
Fe-TPP-Cl,202,-127.8960171,unrecorded,analysis-energy-weighted.json population.energies
Fe-TPP-Cl,203,-127.89600229,unrecorded,analysis-energy-weighted.json population.energies
Fe-TPP-Cl,204,-127.8959928,unrecorded,analysis-energy-weighted.json population.energies
Fe-TPP-Cl,205,-127.8959401,unrecorded,analysis-energy-weighted.json population.energies
Fe-TPP-Cl,206,-127.89591,unrecorded,analysis-energy-weighted.json population.energies
Fe-TPP-Cl,207,-127.89585567,unrecorded,analysis-energy-weighted.json population.energies
Fe-TPP-Cl,208,-127.89587732,unrecorded,analysis-energy-weighted.json population.energies
Fe-TPP-Cl,209,-127.89584099,unrecorded,analysis-energy-weighted.json population.energies
Fe-TPP-Cl,210,-127.8957957,unrecorded,analysis-energy-weighted.json population.energies
Fe-TPP-Cl,211,-127.89577836,unrecorded,analysis-energy-weighted.json population.energies
Fe-TPP-Cl,212,-127.8957623,unrecorded,analysis-energy-weighted.json population.energies
Fe-TPP-Cl,213,-127.89571488,unrecorded,analysis-energy-weighted.json population.energies
Fe-TPP-Cl,214,-127.89568937,unrecorded,analysis-energy-weighted.json population.energies
Fe-TPP-Cl,215,-127.89564746,unrecorded,analysis-energy-weighted.json population.energies
Fe-TPP-Cl,216,-127.89563267,unrecorded,analysis-energy-weighted.json population.energies
Fe-TPP-Cl,217,-127.89562,unrecorded,analysis-energy-weighted.json population.energies
Fe-TPP-Cl,218,-127.89554089,unrecorded,analysis-energy-weighted.json population.energies
Fe-TPP-Cl,219,-127.89550851,unrecorded,analysis-energy-weighted.json population.energies
Fe-TPP-Cl,220,-127.89549565,unrecorded,analysis-energy-weighted.json population.energies
Fe-TPP-Cl,221,-127.89545345,unrecorded,analysis-energy-weighted.json population.energies
Fe-TPP-Cl,222,-127.89544615,unrecorded,analysis-energy-weighted.json population.energies
Fe-TPP-Cl,223,-127.89543423,unrecorded,analysis-energy-weighted.json population.energies
Fe-TPP-Cl,224,-127.89542739,unrecorded,analysis-energy-weighted.json population.energies
Fe-TPP-Cl,225,-127.89533528,unrecorded,analysis-energy-weighted.json population.energies
Fe-TPP-Cl,226,-127.89525015,unrecorded,analysis-energy-weighted.json population.energies
Fe-TPP-Cl,227,-127.89524663,unrecorded,analysis-energy-weighted.json population.energies
Fe-TPP-Cl,228,-127.8952352,unrecorded,analysis-energy-weighted.json population.energies
Fe-TPP-Cl,229,-127.89522413,unrecorded,analysis-energy-weighted.json population.energies
Fe-TPP-Cl,230,-127.89511252,unrecorded,analysis-energy-weighted.json population.energies
Fe-TPP-Cl,231,-127.89506664,unrecorded,analysis-energy-weighted.json population.energies
Fe-TPP-Cl,232,-127.89505747,unrecorded,analysis-energy-weighted.json population.energies
Fe-TPP-Cl,233,-127.89505492,unrecorded,analysis-energy-weighted.json population.energies
Fe-TPP-Cl,234,-127.89499425,unrecorded,analysis-energy-weighted.json population.energies
Fe-TPP-Cl,235,-127.89497564,unrecorded,analysis-energy-weighted.json population.energies
Fe-TPP-Cl,236,-127.89494749,unrecorded,analysis-energy-weighted.json population.energies
Fe-TPP-Cl,237,-127.89492024,unrecorded,analysis-energy-weighted.json population.energies
Fe-TPP-Cl,238,-127.89485278,unrecorded,analysis-energy-weighted.json population.energies
Fe-TPP-Cl,239,-127.89485115,unrecorded,analysis-energy-weighted.json population.energies
Fe-TPP-Cl,240,-127.8947907,unrecorded,analysis-energy-weighted.json population.energies
Fe-TPP-Cl,241,-127.89477262,unrecorded,analysis-energy-weighted.json population.energies
Fe-TPP-Cl,242,-127.89472127,unrecorded,analysis-energy-weighted.json population.energies
Fe-TPP-Cl,243,-127.89464435,unrecorded,analysis-energy-weighted.json population.energies
Fe-TPP-Cl,244,-127.89467796,unrecorded,analysis-energy-weighted.json population.energies
Fe-TPP-Cl,245,-127.89460745,unrecorded,analysis-energy-weighted.json population.energies
Fe-TPP-Cl,246,-127.89457168,unrecorded,analysis-energy-weighted.json population.energies
Fe-TPP-Cl,247,-127.89456157,unrecorded,analysis-energy-weighted.json population.energies
Fe-TPP-Cl,248,-127.89454982,unrecorded,analysis-energy-weighted.json population.energies
Fe-TPP-Cl,249,-127.89453851,unrecorded,analysis-energy-weighted.json population.energies
Fe-TPP-Cl,250,-127.89448742,unrecorded,analysis-energy-weighted.json population.energies
Fe-TPP-Cl,251,-127.89440609,unrecorded,analysis-energy-weighted.json population.energies
Fe-TPP-Cl,252,-127.8944043,unrecorded,analysis-energy-weighted.json population.energies
Fe-TPP-Cl,253,-127.8943941,unrecorded,analysis-energy-weighted.json population.energies
Fe-TPP-Cl,254,-127.8942145,unrecorded,analysis-energy-weighted.json population.energies
Fe-TPP-Cl,255,-127.89417981,unrecorded,analysis-energy-weighted.json population.energies
Fe-TPP-Cl,256,-127.89416323,unrecorded,analysis-energy-weighted.json population.energies
Fe-TPP-Cl,257,-127.89410452,unrecorded,analysis-energy-weighted.json population.energies
Fe-TPP-Cl,258,-127.89410225,unrecorded,analysis-energy-weighted.json population.energies
Fe-TPP-Cl,259,-127.89415631,unrecorded,analysis-energy-weighted.json population.energies
Fe-TPP-Cl,260,-127.89408581,unrecorded,analysis-energy-weighted.json population.energies
Fe-TPP-Cl,261,-127.89405395,unrecorded,analysis-energy-weighted.json population.energies
Fe-TPP-Cl,262,-127.89404804,unrecorded,analysis-energy-weighted.json population.energies
Fe-TPP-Cl,263,-127.89402194,unrecorded,analysis-energy-weighted.json population.energies
