system,frame,weight,source_file
Fe-TDCPP-Cl,1,0.17537186988535067,03-chemical-validation/part3/3c/d2-map/fecl-tdcpp-d2map/results/reference/plot-data/per-geometry-descriptors.csv
Fe-TDCPP-Cl,2,0.09060106732646755,03-chemical-validation/part3/3c/d2-map/fecl-tdcpp-d2map/results/reference/plot-data/per-geometry-descriptors.csv
Fe-TDCPP-Cl,3,0.0798166666457625,03-chemical-validation/part3/3c/d2-map/fecl-tdcpp-d2map/results/reference/plot-data/per-geometry-descriptors.csv
Fe-TDCPP-Cl,4,0.07758626627655336,03-chemical-validation/part3/3c/d2-map/fecl-tdcpp-d2map/results/reference/plot-data/per-geometry-descriptors.csv
Fe-TDCPP-Cl,5,0.07286406081873083,03-chemical-validation/part3/3c/d2-map/fecl-tdcpp-d2map/results/reference/plot-data/per-geometry-descriptors.csv
Fe-TDCPP-Cl,6,0.056855247219599,03-chemical-validation/part3/3c/d2-map/fecl-tdcpp-d2map/results/reference/plot-data/per-geometry-descriptors.csv
Fe-TDCPP-Cl,7,0.05583600083105671,03-chemical-validation/part3/3c/d2-map/fecl-tdcpp-d2map/results/reference/plot-data/per-geometry-descriptors.csv
Fe-TDCPP-Cl,8,0.04692717564197694,03-chemical-validation/part3/3c/d2-map/fecl-tdcpp-d2map/results/reference/plot-data/per-geometry-descriptors.csv
Fe-TDCPP-Cl,9,0.04003445039727637,03-chemical-validation/part3/3c/d2-map/fecl-tdcpp-d2map/results/reference/plot-data/per-geometry-descriptors.csv
Fe-TDCPP-Cl,10,0.032033964010086374,03-chemical-validation/part3/3c/d2-map/fecl-tdcpp-d2map/results/reference/plot-data/per-geometry-descriptors.csv
Fe-TDCPP-Cl,11,0.027905852796799108,03-chemical-validation/part3/3c/d2-map/fecl-tdcpp-d2map/results/reference/plot-data/per-geometry-descriptors.csv
Fe-TDCPP-Cl,12,0.025993709916084327,03-chemical-validation/part3/3c/d2-map/fecl-tdcpp-d2map/results/reference/plot-data/per-geometry-descriptors.csv
Fe-TDCPP-Cl,13,0.021709547501724023,03-chemical-validation/part3/3c/d2-map/fecl-tdcpp-d2map/results/reference/plot-data/per-geometry-descriptors.csv
Fe-TDCPP-Cl,14,0.017137386752668415,03-chemical-validation/part3/3c/d2-map/fecl-tdcpp-d2map/results/reference/plot-data/per-geometry-descriptors.csv
Fe-TDCPP-Cl,15,0.015935915527983364,03-chemical-validation/part3/3c/d2-map/fecl-tdcpp-d2map/results/reference/plot-data/per-geometry-descriptors.csv
Fe-TDCPP-Cl,16,0.01486331726811886,03-chemical-validation/part3/3c/d2-map/fecl-tdcpp-d2map/results/reference/plot-data/per-geometry-descriptors.csv
Fe-TDCPP-Cl,17,0.01462641996849066,03-chemical-validation/part3/3c/d2-map/fecl-tdcpp-d2map/results/reference/plot-data/per-geometry-descriptors.csv
Fe-TDCPP-Cl,18,0.013167121739010771,03-chemical-validation/part3/3c/d2-map/fecl-tdcpp-d2map/results/reference/plot-data/per-geometry-descriptors.csv
Fe-TDCPP-Cl,19,0.013049808072071917,03-chemical-validation/part3/3c/d2-map/fecl-tdcpp-d2map/results/reference/plot-data/per-geometry-descriptors.csv
Fe-TDCPP-Cl,20,0.011659925233700168,03-chemical-validation/part3/3c/d2-map/fecl-tdcpp-d2map/results/reference/plot-data/per-geometry-descriptors.csv
Fe-TDCPP-Cl,21,0.00992288812430387,03-chemical-validation/part3/3c/d2-map/fecl-tdcpp-d2map/results/reference/plot-data/per-geometry-descriptors.csv
Fe-TDCPP-Cl,22,0.007022262508097144,03-chemical-validation/part3/3c/d2-map/fecl-tdcpp-d2map/results/reference/plot-data/per-geometry-descriptors.csv
Fe-TDCPP-Cl,23,0.0063395434928359765,03-chemical-validation/part3/3c/d2-map/fecl-tdcpp-d2map/results/reference/plot-data/per-geometry-descriptors.csv
Fe-TDCPP-Cl,24,0.006261338237281299,03-chemical-validation/part3/3c/d2-map/fecl-tdcpp-d2map/results/reference/plot-data/per-geometry-descriptors.csv
Fe-TDCPP-Cl,25,0.005985939725556991,03-chemical-validation/part3/3c/d2-map/fecl-tdcpp-d2map/results/reference/plot-data/per-geometry-descriptors.csv
Fe-TDCPP-Cl,26,0.005446667003811967,03-chemical-validation/part3/3c/d2-map/fecl-tdcpp-d2map/results/reference/plot-data/per-geometry-descriptors.csv
Fe-TDCPP-Cl,27,0.005244015696820335,03-chemical-validation/part3/3c/d2-map/fecl-tdcpp-d2map/results/reference/plot-data/per-geometry-descriptors.csv
Fe-TDCPP-Cl,28,0.004467139167310419,03-chemical-validation/part3/3c/d2-map/fecl-tdcpp-d2map/results/reference/plot-data/per-geometry-descriptors.csv
Fe-TDCPP-Cl,29,0.0038116457546759183,03-chemical-validation/part3/3c/d2-map/fecl-tdcpp-d2map/results/reference/plot-data/per-geometry-descriptors.csv
Fe-TDCPP-Cl,30,0.0037429970678506913,03-chemical-validation/part3/3c/d2-map/fecl-tdcpp-d2map/results/reference/plot-data/per-geometry-descriptors.csv
Fe-TDCPP-Cl,31,0.0029477604334946497,03-chemical-validation/part3/3c/d2-map/fecl-tdcpp-d2map/results/reference/plot-data/per-geometry-descriptors.csv
Fe-TDCPP-Cl,32,0.0027503458155634206,03-chemical-validation/part3/3c/d2-map/fecl-tdcpp-d2map/results/reference/plot-data/per-geometry-descriptors.csv
Fe-TDCPP-Cl,33,0.00273686297003131,03-chemical-validation/part3/3c/d2-map/fecl-tdcpp-d2map/results/reference/plot-data/per-geometry-descriptors.csv
Fe-TDCPP-Cl,34,0.002581034709297228,03-chemical-validation/part3/3c/d2-map/fecl-tdcpp-d2map/results/reference/plot-data/per-geometry-descriptors.csv
Fe-TDCPP-Cl,35,0.0022698876935520976,03-chemical-validation/part3/3c/d2-map/fecl-tdcpp-d2map/results/reference/plot-data/per-geometry-descriptors.csv
Fe-TDCPP-Cl,36,0.0021755720318557704,03-chemical-validation/part3/3c/d2-map/fecl-tdcpp-d2map/results/reference/plot-data/per-geometry-descriptors.csv
Fe-TDCPP-Cl,37,0.0021017599970662706,03-chemical-validation/part3/3c/d2-map/fecl-tdcpp-d2map/results/reference/plot-data/per-geometry-descriptors.csv
Fe-TDCPP-Cl,38,0.0019552789704633164,03-chemical-validation/part3/3c/d2-map/fecl-tdcpp-d2map/results/reference/plot-data/per-geometry-descriptors.csv
Fe-TDCPP-Cl,39,0.001914033703409664,03-chemical-validation/part3/3c/d2-map/fecl-tdcpp-d2map/results/reference/plot-data/per-geometry-descriptors.csv
Fe-TDCPP-Cl,40,0.0018278518331922844,03-chemical-validation/part3/3c/d2-map/fecl-tdcpp-d2map/results/reference/plot-data/per-geometry-descriptors.csv
Fe-TDCPP-Cl,41,0.0018097446142600721,03-chemical-validation/part3/3c/d2-map/fecl-tdcpp-d2map/results/reference/plot-data/per-geometry-descriptors.csv
Fe-TDCPP-Cl,42,0.0015820820425223225,03-chemical-validation/part3/3c/d2-map/fecl-tdcpp-d2map/results/reference/plot-data/per-geometry-descriptors.csv
Fe-TDCPP-Cl,43,0.0012476301414167462,03-chemical-validation/part3/3c/d2-map/fecl-tdcpp-d2map/results/reference/plot-data/per-geometry-descriptors.csv
Fe-TDCPP-Cl,44,0.0010935259332944842,03-chemical-validation/part3/3c/d2-map/fecl-tdcpp-d2map/results/reference/plot-data/per-geometry-descriptors.csv
Fe-TDCPP-Cl,45,0.0009822674791240445,03-chemical-validation/part3/3c/d2-map/fecl-tdcpp-d2map/results/reference/plot-data/per-geometry-descriptors.csv
Fe-TDCPP-Cl,46,0.0009060317864704443,03-chemical-validation/part3/3c/d2-map/fecl-tdcpp-d2map/results/reference/plot-data/per-geometry-descriptors.csv
Fe-TDCPP-Cl,47,0.000879762676757638,03-chemical-validation/part3/3c/d2-map/fecl-tdcpp-d2map/results/reference/plot-data/per-geometry-descriptors.csv
Fe-TDCPP-Cl,48,0.0008399366833223914,03-chemical-validation/part3/3c/d2-map/fecl-tdcpp-d2map/results/reference/plot-data/per-geometry-descriptors.csv
Fe-TDCPP-Cl,49,0.000670654474703247,03-chemical-validation/part3/3c/d2-map/fecl-tdcpp-d2map/results/reference/plot-data/per-geometry-descriptors.csv
Fe-TDCPP-Cl,50,0.0005623076745445573,03-chemical-validation/part3/3c/d2-map/fecl-tdcpp-d2map/results/reference/plot-data/per-geometry-descriptors.csv
Fe-TDCPP-Cl,51,0.00048582009963067056,03-chemical-validation/part3/3c/d2-map/fecl-tdcpp-d2map/results/reference/plot-data/per-geometry-descriptors.csv
Fe-TDCPP-Cl,52,0.0003568358727218647,03-chemical-validation/part3/3c/d2-map/fecl-tdcpp-d2map/results/reference/plot-data/per-geometry-descriptors.csv
Fe-TDCPP-Cl,53,0.00034746376469439754,03-chemical-validation/part3/3c/d2-map/fecl-tdcpp-d2map/results/reference/plot-data/per-geometry-descriptors.csv
Fe-TDCPP-Cl,54,0.0002950590341678023,03-chemical-validation/part3/3c/d2-map/fecl-tdcpp-d2map/results/reference/plot-data/per-geometry-descriptors.csv
Fe-TDCPP-Cl,55,0.00029165073248702054,03-chemical-validation/part3/3c/d2-map/fecl-tdcpp-d2map/results/reference/plot-data/per-geometry-descriptors.csv
Fe-TDCPP-Cl,56,0.0002357595926038423,03-chemical-validation/part3/3c/d2-map/fecl-tdcpp-d2map/results/reference/plot-data/per-geometry-descriptors.csv
Fe-TDCPP-Cl,57,0.00021639349014110788,03-chemical-validation/part3/3c/d2-map/fecl-tdcpp-d2map/results/reference/plot-data/per-geometry-descriptors.csv
Fe-TDCPP-Cl,58,0.0002127101021640917,03-chemical-validation/part3/3c/d2-map/fecl-tdcpp-d2map/results/reference/plot-data/per-geometry-descriptors.csv
Fe-TDCPP-Cl,59,0.00020882162929820023,03-chemical-validation/part3/3c/d2-map/fecl-tdcpp-d2map/results/reference/plot-data/per-geometry-descriptors.csv
Fe-TDCPP-Cl,60,0.0001892597602320636,03-chemical-validation/part3/3c/d2-map/fecl-tdcpp-d2map/results/reference/plot-data/per-geometry-descriptors.csv
Fe-TDCPP-Cl,61,0.0001846327940373327,03-chemical-validation/part3/3c/d2-map/fecl-tdcpp-d2map/results/reference/plot-data/per-geometry-descriptors.csv
Fe-TDCPP-Cl,62,0.00016476748789181583,03-chemical-validation/part3/3c/d2-map/fecl-tdcpp-d2map/results/reference/plot-data/per-geometry-descriptors.csv
Fe-TDCPP-Cl,63,0.0001076696549933435,03-chemical-validation/part3/3c/d2-map/fecl-tdcpp-d2map/results/reference/plot-data/per-geometry-descriptors.csv
Fe-TDCPP-Cl,64,9.641231166139133e-05,03-chemical-validation/part3/3c/d2-map/fecl-tdcpp-d2map/results/reference/plot-data/per-geometry-descriptors.csv
Fe-TDCPP-Cl,65,8.68795729154139e-05,03-chemical-validation/part3/3c/d2-map/fecl-tdcpp-d2map/results/reference/plot-data/per-geometry-descriptors.csv
Fe-TDCPP-Cl,66,6.860982182494412e-05,03-chemical-validation/part3/3c/d2-map/fecl-tdcpp-d2map/results/reference/plot-data/per-geometry-descriptors.csv
Fe-TDCPP-Cl,67,6.529474119288372e-05,03-chemical-validation/part3/3c/d2-map/fecl-tdcpp-d2map/results/reference/plot-data/per-geometry-descriptors.csv
Fe-TDCPP-Cl,68,5.8376926629554566e-05,03-chemical-validation/part3/3c/d2-map/fecl-tdcpp-d2map/results/reference/plot-data/per-geometry-descriptors.csv
Fe-TDCPP-Cl,69,5.118044376418878e-05,03-chemical-validation/part3/3c/d2-map/fecl-tdcpp-d2map/results/reference/plot-data/per-geometry-descriptors.csv
Fe-TDCPP-Cl,70,4.9385395726418704e-05,03-chemical-validation/part3/3c/d2-map/fecl-tdcpp-d2map/results/reference/plot-data/per-geometry-descriptors.csv
Fe-TDCPP-Cl,71,4.575170396799724e-05,03-chemical-validation/part3/3c/d2-map/fecl-tdcpp-d2map/results/reference/plot-data/per-geometry-descriptors.csv
Fe-TDCPP-Cl,72,3.499737422849243e-05,03-chemical-validation/part3/3c/d2-map/fecl-tdcpp-d2map/results/reference/plot-data/per-geometry-descriptors.csv
Fe-TDCPP-Cl,73,3.41446617835394e-05,03-chemical-validation/part3/3c/d2-map/fecl-tdcpp-d2map/results/reference/plot-data/per-geometry-descriptors.csv
Fe-TDCPP-Cl,74,2.789456499233574e-05,03-chemical-validation/part3/3c/d2-map/fecl-tdcpp-d2map/results/reference/plot-data/per-geometry-descriptors.csv
Fe-TDCPP-Cl,75,1.0546387262248603e-05,03-chemical-validation/part3/3c/d2-map/fecl-tdcpp-d2map/results/reference/plot-data/per-geometry-descriptors.csv
Fe-TDCPP-Cl,76,7.2791864577893e-06,03-chemical-validation/part3/3c/d2-map/fecl-tdcpp-d2map/results/reference/plot-data/per-geometry-descriptors.csv
Fe-TDCPP-Cl,77,4.620095316154862e-06,03-chemical-validation/part3/3c/d2-map/fecl-tdcpp-d2map/results/reference/plot-data/per-geometry-descriptors.csv
Fe-TDCPP-Cl,78,3.8306992876601505e-06,03-chemical-validation/part3/3c/d2-map/fecl-tdcpp-d2map/results/reference/plot-data/per-geometry-descriptors.csv
Fe-TDCPP-Cl,79,1.9402774952489617e-06,03-chemical-validation/part3/3c/d2-map/fecl-tdcpp-d2map/results/reference/plot-data/per-geometry-descriptors.csv
Fe-TDCPP-Cl,80,1.0075854090083278e-06,03-chemical-validation/part3/3c/d2-map/fecl-tdcpp-d2map/results/reference/plot-data/per-geometry-descriptors.csv
Fe-TDCPP-Cl,81,3.123790179107177e-07,03-chemical-validation/part3/3c/d2-map/fecl-tdcpp-d2map/results/reference/plot-data/per-geometry-descriptors.csv
Fe-TDCPP-Cl,82,6.081989359023174e-08,03-chemical-validation/part3/3c/d2-map/fecl-tdcpp-d2map/results/reference/plot-data/per-geometry-descriptors.csv
Fe-TDCPP-Cl,83,4.7116221762685596e-08,03-chemical-validation/part3/3c/d2-map/fecl-tdcpp-d2map/results/reference/plot-data/per-geometry-descriptors.csv
Fe-TDCPP-Cl,84,4.164748948794671e-08,03-chemical-validation/part3/3c/d2-map/fecl-tdcpp-d2map/results/reference/plot-data/per-geometry-descriptors.csv
Fe-TMP-Cl,1,0.06868065653291006,03-chemical-validation/part3/3c/d2-map/fecl-tmp-d2map/results/reference/plot-data/per-geometry-descriptors.csv
Fe-TMP-Cl,2,0.05874623149137131,03-chemical-validation/part3/3c/d2-map/fecl-tmp-d2map/results/reference/plot-data/per-geometry-descriptors.csv
Fe-TMP-Cl,3,0.04875212052680363,03-chemical-validation/part3/3c/d2-map/fecl-tmp-d2map/results/reference/plot-data/per-geometry-descriptors.csv
Fe-TMP-Cl,4,0.04125353927046795,03-chemical-validation/part3/3c/d2-map/fecl-tmp-d2map/results/reference/plot-data/per-geometry-descriptors.csv
Fe-TMP-Cl,5,0.03875540884418269,03-chemical-validation/part3/3c/d2-map/fecl-tmp-d2map/results/reference/plot-data/per-geometry-descriptors.csv
Fe-TMP-Cl,6,0.036020402308090414,03-chemical-validation/part3/3c/d2-map/fecl-tmp-d2map/results/reference/plot-data/per-geometry-descriptors.csv
Fe-TMP-Cl,7,0.03360238337697767,03-chemical-validation/part3/3c/d2-map/fecl-tmp-d2map/results/reference/plot-data/per-geometry-descriptors.csv
Fe-TMP-Cl,8,0.030275788872224298,03-chemical-validation/part3/3c/d2-map/fecl-tmp-d2map/results/reference/plot-data/per-geometry-descriptors.csv
Fe-TMP-Cl,9,0.030184539894931656,03-chemical-validation/part3/3c/d2-map/fecl-tmp-d2map/results/reference/plot-data/per-geometry-descriptors.csv
Fe-TMP-Cl,10,0.0244803014164648,03-chemical-validation/part3/3c/d2-map/fecl-tmp-d2map/results/reference/plot-data/per-geometry-descriptors.csv
Fe-TMP-Cl,11,0.024307974756636843,03-chemical-validation/part3/3c/d2-map/fecl-tmp-d2map/results/reference/plot-data/per-geometry-descriptors.csv
Fe-TMP-Cl,12,0.022382948620704883,03-chemical-validation/part3/3c/d2-map/fecl-tmp-d2map/results/reference/plot-data/per-geometry-descriptors.csv
Fe-TMP-Cl,13,0.020388484702621168,03-chemical-validation/part3/3c/d2-map/fecl-tmp-d2map/results/reference/plot-data/per-geometry-descriptors.csv
Fe-TMP-Cl,14,0.018705580142332586,03-chemical-validation/part3/3c/d2-map/fecl-tmp-d2map/results/reference/plot-data/per-geometry-descriptors.csv
Fe-TMP-Cl,15,0.018351964705298464,03-chemical-validation/part3/3c/d2-map/fecl-tmp-d2map/results/reference/plot-data/per-geometry-descriptors.csv
Fe-TMP-Cl,16,0.016609915115419906,03-chemical-validation/part3/3c/d2-map/fecl-tmp-d2map/results/reference/plot-data/per-geometry-descriptors.csv
Fe-TMP-Cl,17,0.017215471383457175,03-chemical-validation/part3/3c/d2-map/fecl-tmp-d2map/results/reference/plot-data/per-geometry-descriptors.csv
Fe-TMP-Cl,18,0.015143652558958255,03-chemical-validation/part3/3c/d2-map/fecl-tmp-d2map/results/reference/plot-data/per-geometry-descriptors.csv
Fe-TMP-Cl,19,0.014693530510349285,03-chemical-validation/part3/3c/d2-map/fecl-tmp-d2map/results/reference/plot-data/per-geometry-descriptors.csv
Fe-TMP-Cl,20,0.01448186859474598,03-chemical-validation/part3/3c/d2-map/fecl-tmp-d2map/results/reference/plot-data/per-geometry-descriptors.csv
Fe-TMP-Cl,21,0.014469143682706426,03-chemical-validation/part3/3c/d2-map/fecl-tmp-d2map/results/reference/plot-data/per-geometry-descriptors.csv
Fe-TMP-Cl,22,0.013788851704567883,03-chemical-validation/part3/3c/d2-map/fecl-tmp-d2map/results/reference/plot-data/per-geometry-descriptors.csv
Fe-TMP-Cl,23,0.013724016923203528,03-chemical-validation/part3/3c/d2-map/fecl-tmp-d2map/results/reference/plot-data/per-geometry-descriptors.csv
Fe-TMP-Cl,24,0.012990405969084014,03-chemical-validation/part3/3c/d2-map/fecl-tmp-d2map/results/reference/plot-data/per-geometry-descriptors.csv
Fe-TMP-Cl,25,0.011893942050739044,03-chemical-validation/part3/3c/d2-map/fecl-tmp-d2map/results/reference/plot-data/per-geometry-descriptors.csv
Fe-TMP-Cl,26,0.011835635134375824,03-chemical-validation/part3/3c/d2-map/fecl-tmp-d2map/results/reference/plot-data/per-geometry-descriptors.csv
Fe-TMP-Cl,27,0.011508433831172423,03-chemical-validation/part3/3c/d2-map/fecl-tmp-d2map/results/reference/plot-data/per-geometry-descriptors.csv
Fe-TMP-Cl,28,0.011328366914539253,03-chemical-validation/part3/3c/d2-map/fecl-tmp-d2map/results/reference/plot-data/per-geometry-descriptors.csv
Fe-TMP-Cl,29,0.01060838599401908,03-chemical-validation/part3/3c/d2-map/fecl-tmp-d2map/results/reference/plot-data/per-geometry-descriptors.csv
Fe-TMP-Cl,30,0.010535048164226438,03-chemical-validation/part3/3c/d2-map/fecl-tmp-d2map/results/reference/plot-data/per-geometry-descriptors.csv
Fe-TMP-Cl,31,0.009027810688469817,03-chemical-validation/part3/3c/d2-map/fecl-tmp-d2map/results/reference/plot-data/per-geometry-descriptors.csv
Fe-TMP-Cl,32,0.00811066972812333,03-chemical-validation/part3/3c/d2-map/fecl-tmp-d2map/results/reference/plot-data/per-geometry-descriptors.csv
Fe-TMP-Cl,33,0.007387174739308736,03-chemical-validation/part3/3c/d2-map/fecl-tmp-d2map/results/reference/plot-data/per-geometry-descriptors.csv
Fe-TMP-Cl,34,0.007242921440899481,03-chemical-validation/part3/3c/d2-map/fecl-tmp-d2map/results/reference/plot-data/per-geometry-descriptors.csv
Fe-TMP-Cl,35,0.00721642806294148,03-chemical-validation/part3/3c/d2-map/fecl-tmp-d2map/results/reference/plot-data/per-geometry-descriptors.csv
Fe-TMP-Cl,36,0.007181888085944663,03-chemical-validation/part3/3c/d2-map/fecl-tmp-d2map/results/reference/plot-data/per-geometry-descriptors.csv
Fe-TMP-Cl,37,0.007166008202801326,03-chemical-validation/part3/3c/d2-map/fecl-tmp-d2map/results/reference/plot-data/per-geometry-descriptors.csv
Fe-TMP-Cl,38,0.00679280168049052,03-chemical-validation/part3/3c/d2-map/fecl-tmp-d2map/results/reference/plot-data/per-geometry-descriptors.csv
Fe-TMP-Cl,39,0.006607250639080267,03-chemical-validation/part3/3c/d2-map/fecl-tmp-d2map/results/reference/plot-data/per-geometry-descriptors.csv
Fe-TMP-Cl,40,0.00648784011886336,03-chemical-validation/part3/3c/d2-map/fecl-tmp-d2map/results/reference/plot-data/per-geometry-descriptors.csv
Fe-TMP-Cl,41,0.006352867264144824,03-chemical-validation/part3/3c/d2-map/fecl-tmp-d2map/results/reference/plot-data/per-geometry-descriptors.csv
Fe-TMP-Cl,42,0.0058773987795641795,03-chemical-validation/part3/3c/d2-map/fecl-tmp-d2map/results/reference/plot-data/per-geometry-descriptors.csv
Fe-TMP-Cl,43,0.00581695727976973,03-chemical-validation/part3/3c/d2-map/fecl-tmp-d2map/results/reference/plot-data/per-geometry-descriptors.csv
Fe-TMP-Cl,44,0.005872918603897255,03-chemical-validation/part3/3c/d2-map/fecl-tmp-d2map/results/reference/plot-data/per-geometry-descriptors.csv
Fe-TMP-Cl,45,0.005693167108597301,03-chemical-validation/part3/3c/d2-map/fecl-tmp-d2map/results/reference/plot-data/per-geometry-descriptors.csv
Fe-TMP-Cl,46,0.005379888329992995,03-chemical-validation/part3/3c/d2-map/fecl-tmp-d2map/results/reference/plot-data/per-geometry-descriptors.csv
Fe-TMP-Cl,47,0.005018847317540125,03-chemical-validation/part3/3c/d2-map/fecl-tmp-d2map/results/reference/plot-data/per-geometry-descriptors.csv
Fe-TMP-Cl,48,0.004807865349681368,03-chemical-validation/part3/3c/d2-map/fecl-tmp-d2map/results/reference/plot-data/per-geometry-descriptors.csv
Fe-TMP-Cl,49,0.0046178171105047995,03-chemical-validation/part3/3c/d2-map/fecl-tmp-d2map/results/reference/plot-data/per-geometry-descriptors.csv
Fe-TMP-Cl,50,0.004516578948492448,03-chemical-validation/part3/3c/d2-map/fecl-tmp-d2map/results/reference/plot-data/per-geometry-descriptors.csv
Fe-TMP-Cl,51,0.004353048770140707,03-chemical-validation/part3/3c/d2-map/fecl-tmp-d2map/results/reference/plot-data/per-geometry-descriptors.csv
Fe-TMP-Cl,52,0.004753284894346793,03-chemical-validation/part3/3c/d2-map/fecl-tmp-d2map/results/reference/plot-data/per-geometry-descriptors.csv
Fe-TMP-Cl,53,0.004527450727034066,03-chemical-validation/part3/3c/d2-map/fecl-tmp-d2map/results/reference/plot-data/per-geometry-descriptors.csv
Fe-TMP-Cl,54,0.0042122247709812256,03-chemical-validation/part3/3c/d2-map/fecl-tmp-d2map/results/reference/plot-data/per-geometry-descriptors.csv
Fe-TMP-Cl,55,0.004190155094889747,03-chemical-validation/part3/3c/d2-map/fecl-tmp-d2map/results/reference/plot-data/per-geometry-descriptors.csv
Fe-TMP-Cl,56,0.004109506693538048,03-chemical-validation/part3/3c/d2-map/fecl-tmp-d2map/results/reference/plot-data/per-geometry-descriptors.csv
Fe-TMP-Cl,57,0.003802703488575867,03-chemical-validation/part3/3c/d2-map/fecl-tmp-d2map/results/reference/plot-data/per-geometry-descriptors.csv
Fe-TMP-Cl,58,0.0037317645822313207,03-chemical-validation/part3/3c/d2-map/fecl-tmp-d2map/results/reference/plot-data/per-geometry-descriptors.csv
Fe-TMP-Cl,59,0.0036095482875290867,03-chemical-validation/part3/3c/d2-map/fecl-tmp-d2map/results/reference/plot-data/per-geometry-descriptors.csv
Fe-TMP-Cl,60,0.0034386006318169247,03-chemical-validation/part3/3c/d2-map/fecl-tmp-d2map/results/reference/plot-data/per-geometry-descriptors.csv
Fe-TMP-Cl,61,0.0032951306663547347,03-chemical-validation/part3/3c/d2-map/fecl-tmp-d2map/results/reference/plot-data/per-geometry-descriptors.csv
Fe-TMP-Cl,62,0.0032641817272985488,03-chemical-validation/part3/3c/d2-map/fecl-tmp-d2map/results/reference/plot-data/per-geometry-descriptors.csv
Fe-TMP-Cl,63,0.0031965784611323158,03-chemical-validation/part3/3c/d2-map/fecl-tmp-d2map/results/reference/plot-data/per-geometry-descriptors.csv
Fe-TMP-Cl,64,0.0031459300140087823,03-chemical-validation/part3/3c/d2-map/fecl-tmp-d2map/results/reference/plot-data/per-geometry-descriptors.csv
Fe-TMP-Cl,65,0.003058927006952116,03-chemical-validation/part3/3c/d2-map/fecl-tmp-d2map/results/reference/plot-data/per-geometry-descriptors.csv
Fe-TMP-Cl,66,0.0029691998065618486,03-chemical-validation/part3/3c/d2-map/fecl-tmp-d2map/results/reference/plot-data/per-geometry-descriptors.csv
Fe-TMP-Cl,67,0.002872687822008375,03-chemical-validation/part3/3c/d2-map/fecl-tmp-d2map/results/reference/plot-data/per-geometry-descriptors.csv
Fe-TMP-Cl,68,0.0028553070573721986,03-chemical-validation/part3/3c/d2-map/fecl-tmp-d2map/results/reference/plot-data/per-geometry-descriptors.csv
Fe-TMP-Cl,69,0.0027307313856970872,03-chemical-validation/part3/3c/d2-map/fecl-tmp-d2map/results/reference/plot-data/per-geometry-descriptors.csv
Fe-TMP-Cl,70,0.0026937333228777504,03-chemical-validation/part3/3c/d2-map/fecl-tmp-d2map/results/reference/plot-data/per-geometry-descriptors.csv
Fe-TMP-Cl,71,0.0025816698161578266,03-chemical-validation/part3/3c/d2-map/fecl-tmp-d2map/results/reference/plot-data/per-geometry-descriptors.csv
Fe-TMP-Cl,72,0.002535146451231618,03-chemical-validation/part3/3c/d2-map/fecl-tmp-d2map/results/reference/plot-data/per-geometry-descriptors.csv
Fe-TMP-Cl,73,0.002531470654073337,03-chemical-validation/part3/3c/d2-map/fecl-tmp-d2map/results/reference/plot-data/per-geometry-descriptors.csv
Fe-TMP-Cl,74,0.002515674736935029,03-chemical-validation/part3/3c/d2-map/fecl-tmp-d2map/results/reference/plot-data/per-geometry-descriptors.csv
Fe-TMP-Cl,75,0.0024293716281297726,03-chemical-validation/part3/3c/d2-map/fecl-tmp-d2map/results/reference/plot-data/per-geometry-descriptors.csv
Fe-TMP-Cl,76,0.0023479183892151055,03-chemical-validation/part3/3c/d2-map/fecl-tmp-d2map/results/reference/plot-data/per-geometry-descriptors.csv
Fe-TMP-Cl,77,0.002170881875864371,03-chemical-validation/part3/3c/d2-map/fecl-tmp-d2map/results/reference/plot-data/per-geometry-descriptors.csv
Fe-TMP-Cl,78,0.0023111816419691756,03-chemical-validation/part3/3c/d2-map/fecl-tmp-d2map/results/reference/plot-data/per-geometry-descriptors.csv
Fe-TMP-Cl,79,0.0019782384211187868,03-chemical-validation/part3/3c/d2-map/fecl-tmp-d2map/results/reference/plot-data/per-geometry-descriptors.csv
Fe-TMP-Cl,80,0.001850157403109997,03-chemical-validation/part3/3c/d2-map/fecl-tmp-d2map/results/reference/plot-data/per-geometry-descriptors.csv
Fe-TMP-Cl,81,0.0018403856556709211,03-chemical-validation/part3/3c/d2-map/fecl-tmp-d2map/results/reference/plot-data/per-geometry-descriptors.csv
Fe-TMP-Cl,82,0.00173317523023503,03-chemical-validation/part3/3c/d2-map/fecl-tmp-d2map/results/reference/plot-data/per-geometry-descriptors.csv
Fe-TMP-Cl,83,0.0017331201621814628,03-chemical-validation/part3/3c/d2-map/fecl-tmp-d2map/results/reference/plot-data/per-geometry-descriptors.csv
Fe-TMP-Cl,84,0.0016994745827862896,03-chemical-validation/part3/3c/d2-map/fecl-tmp-d2map/results/reference/plot-data/per-geometry-descriptors.csv
Fe-TMP-Cl,85,0.001663819161646801,03-chemical-validation/part3/3c/d2-map/fecl-tmp-d2map/results/reference/plot-data/per-geometry-descriptors.csv
Fe-TMP-Cl,86,0.0015985923990455783,03-chemical-validation/part3/3c/d2-map/fecl-tmp-d2map/results/reference/plot-data/per-geometry-descriptors.csv
Fe-TMP-Cl,87,0.0015642083795176828,03-chemical-validation/part3/3c/d2-map/fecl-tmp-d2map/results/reference/plot-data/per-geometry-descriptors.csv
Fe-TMP-Cl,88,0.0015036668117320376,03-chemical-validation/part3/3c/d2-map/fecl-tmp-d2map/results/reference/plot-data/per-geometry-descriptors.csv
Fe-TMP-Cl,89,0.0014821319011882692,03-chemical-validation/part3/3c/d2-map/fecl-tmp-d2map/results/reference/plot-data/per-geometry-descriptors.csv
Fe-TMP-Cl,90,0.0014774457797896352,03-chemical-validation/part3/3c/d2-map/fecl-tmp-d2map/results/reference/plot-data/per-geometry-descriptors.csv
Fe-TMP-Cl,91,0.0014583237540792056,03-chemical-validation/part3/3c/d2-map/fecl-tmp-d2map/results/reference/plot-data/per-geometry-descriptors.csv
Fe-TMP-Cl,92,0.001453682115272613,03-chemical-validation/part3/3c/d2-map/fecl-tmp-d2map/results/reference/plot-data/per-geometry-descriptors.csv
Fe-TMP-Cl,93,0.0014088761068689966,03-chemical-validation/part3/3c/d2-map/fecl-tmp-d2map/results/reference/plot-data/per-geometry-descriptors.csv
Fe-TMP-Cl,94,0.0014224149615761938,03-chemical-validation/part3/3c/d2-map/fecl-tmp-d2map/results/reference/plot-data/per-geometry-descriptors.csv
Fe-TMP-Cl,95,0.0013649161505021727,03-chemical-validation/part3/3c/d2-map/fecl-tmp-d2map/results/reference/plot-data/per-geometry-descriptors.csv
Fe-TMP-Cl,96,0.0013563131294175071,03-chemical-validation/part3/3c/d2-map/fecl-tmp-d2map/results/reference/plot-data/per-geometry-descriptors.csv
Fe-TMP-Cl,97,0.001301210721946772,03-chemical-validation/part3/3c/d2-map/fecl-tmp-d2map/results/reference/plot-data/per-geometry-descriptors.csv
Fe-TMP-Cl,98,0.0012737895569192408,03-chemical-validation/part3/3c/d2-map/fecl-tmp-d2map/results/reference/plot-data/per-geometry-descriptors.csv
Fe-TMP-Cl,99,0.001117175731497056,03-chemical-validation/part3/3c/d2-map/fecl-tmp-d2map/results/reference/plot-data/per-geometry-descriptors.csv
Fe-TMP-Cl,100,0.0010710851061853416,03-chemical-validation/part3/3c/d2-map/fecl-tmp-d2map/results/reference/plot-data/per-geometry-descriptors.csv
Fe-TMP-Cl,101,0.0010682302248801866,03-chemical-validation/part3/3c/d2-map/fecl-tmp-d2map/results/reference/plot-data/per-geometry-descriptors.csv
Fe-TMP-Cl,102,0.001058410023479375,03-chemical-validation/part3/3c/d2-map/fecl-tmp-d2map/results/reference/plot-data/per-geometry-descriptors.csv
Fe-TMP-Cl,103,0.000976244080298653,03-chemical-validation/part3/3c/d2-map/fecl-tmp-d2map/results/reference/plot-data/per-geometry-descriptors.csv
Fe-TMP-Cl,104,0.001046317032953991,03-chemical-validation/part3/3c/d2-map/fecl-tmp-d2map/results/reference/plot-data/per-geometry-descriptors.csv
Fe-TMP-Cl,105,0.0009287001999729716,03-chemical-validation/part3/3c/d2-map/fecl-tmp-d2map/results/reference/plot-data/per-geometry-descriptors.csv
Fe-TMP-Cl,106,0.0008967830842823245,03-chemical-validation/part3/3c/d2-map/fecl-tmp-d2map/results/reference/plot-data/per-geometry-descriptors.csv
Fe-TMP-Cl,107,0.0007938369938324866,03-chemical-validation/part3/3c/d2-map/fecl-tmp-d2map/results/reference/plot-data/per-geometry-descriptors.csv
Fe-TMP-Cl,108,0.0007924593370792348,03-chemical-validation/part3/3c/d2-map/fecl-tmp-d2map/results/reference/plot-data/per-geometry-descriptors.csv
Fe-TMP-Cl,109,0.000785482035787105,03-chemical-validation/part3/3c/d2-map/fecl-tmp-d2map/results/reference/plot-data/per-geometry-descriptors.csv
Fe-TMP-Cl,110,0.0007754882971984395,03-chemical-validation/part3/3c/d2-map/fecl-tmp-d2map/results/reference/plot-data/per-geometry-descriptors.csv
Fe-TMP-Cl,111,0.0007708289773145151,03-chemical-validation/part3/3c/d2-map/fecl-tmp-d2map/results/reference/plot-data/per-geometry-descriptors.csv
Fe-TMP-Cl,112,0.0007477350901515355,03-chemical-validation/part3/3c/d2-map/fecl-tmp-d2map/results/reference/plot-data/per-geometry-descriptors.csv
Fe-TMP-Cl,113,0.0007439434378184726,03-chemical-validation/part3/3c/d2-map/fecl-tmp-d2map/results/reference/plot-data/per-geometry-descriptors.csv
Fe-TMP-Cl,114,0.0007391682670099877,03-chemical-validation/part3/3c/d2-map/fecl-tmp-d2map/results/reference/plot-data/per-geometry-descriptors.csv
Fe-TMP-Cl,115,0.0007364255158871023,03-chemical-validation/part3/3c/d2-map/fecl-tmp-d2map/results/reference/plot-data/per-geometry-descriptors.csv
Fe-TMP-Cl,116,0.0006629583410752128,03-chemical-validation/part3/3c/d2-map/fecl-tmp-d2map/results/reference/plot-data/per-geometry-descriptors.csv
Fe-TMP-Cl,117,0.0006603724679917992,03-chemical-validation/part3/3c/d2-map/fecl-tmp-d2map/results/reference/plot-data/per-geometry-descriptors.csv
Fe-TMP-Cl,118,0.0006579430006282538,03-chemical-validation/part3/3c/d2-map/fecl-tmp-d2map/results/reference/plot-data/per-geometry-descriptors.csv
Fe-TMP-Cl,119,0.0006509631387710815,03-chemical-validation/part3/3c/d2-map/fecl-tmp-d2map/results/reference/plot-data/per-geometry-descriptors.csv
Fe-TMP-Cl,120,0.0006062427694434151,03-chemical-validation/part3/3c/d2-map/fecl-tmp-d2map/results/reference/plot-data/per-geometry-descriptors.csv
Fe-TMP-Cl,121,0.0005369789719888163,03-chemical-validation/part3/3c/d2-map/fecl-tmp-d2map/results/reference/plot-data/per-geometry-descriptors.csv
Fe-TMP-Cl,122,0.0005363651030745827,03-chemical-validation/part3/3c/d2-map/fecl-tmp-d2map/results/reference/plot-data/per-geometry-descriptors.csv
Fe-TMP-Cl,123,0.0005281182646448533,03-chemical-validation/part3/3c/d2-map/fecl-tmp-d2map/results/reference/plot-data/per-geometry-descriptors.csv
Fe-TMP-Cl,124,0.000515660086398416,03-chemical-validation/part3/3c/d2-map/fecl-tmp-d2map/results/reference/plot-data/per-geometry-descriptors.csv
Fe-TMP-Cl,125,0.000493391957416783,03-chemical-validation/part3/3c/d2-map/fecl-tmp-d2map/results/reference/plot-data/per-geometry-descriptors.csv
Fe-TMP-Cl,126,0.0004908588473744333,03-chemical-validation/part3/3c/d2-map/fecl-tmp-d2map/results/reference/plot-data/per-geometry-descriptors.csv
Fe-TMP-Cl,127,0.000482289005285218,03-chemical-validation/part3/3c/d2-map/fecl-tmp-d2map/results/reference/plot-data/per-geometry-descriptors.csv
Fe-TMP-Cl,128,0.0004748082311206955,03-chemical-validation/part3/3c/d2-map/fecl-tmp-d2map/results/reference/plot-data/per-geometry-descriptors.csv
Fe-TMP-Cl,129,0.0004503567275349568,03-chemical-validation/part3/3c/d2-map/fecl-tmp-d2map/results/reference/plot-data/per-geometry-descriptors.csv
Fe-TMP-Cl,130,0.0004473475463056154,03-chemical-validation/part3/3c/d2-map/fecl-tmp-d2map/results/reference/plot-data/per-geometry-descriptors.csv
Fe-TMP-Cl,131,0.0004406046981237699,03-chemical-validation/part3/3c/d2-map/fecl-tmp-d2map/results/reference/plot-data/per-geometry-descriptors.csv
Fe-TMP-Cl,132,0.000428514748425897,03-chemical-validation/part3/3c/d2-map/fecl-tmp-d2map/results/reference/plot-data/per-geometry-descriptors.csv
Fe-TMP-Cl,133,0.00042046296982322734,03-chemical-validation/part3/3c/d2-map/fecl-tmp-d2map/results/reference/plot-data/per-geometry-descriptors.csv
Fe-TMP-Cl,134,0.0004025785967312483,03-chemical-validation/part3/3c/d2-map/fecl-tmp-d2map/results/reference/plot-data/per-geometry-descriptors.csv
Fe-TMP-Cl,135,0.00040153958025813827,03-chemical-validation/part3/3c/d2-map/fecl-tmp-d2map/results/reference/plot-data/per-geometry-descriptors.csv
Fe-TMP-Cl,136,0.0003813981070393787,03-chemical-validation/part3/3c/d2-map/fecl-tmp-d2map/results/reference/plot-data/per-geometry-descriptors.csv
Fe-TMP-Cl,137,0.000401123025556783,03-chemical-validation/part3/3c/d2-map/fecl-tmp-d2map/results/reference/plot-data/per-geometry-descriptors.csv
Fe-TMP-Cl,138,0.00037546634256684704,03-chemical-validation/part3/3c/d2-map/fecl-tmp-d2map/results/reference/plot-data/per-geometry-descriptors.csv
Fe-TMP-Cl,139,0.00037068926008055535,03-chemical-validation/part3/3c/d2-map/fecl-tmp-d2map/results/reference/plot-data/per-geometry-descriptors.csv
Fe-TMP-Cl,140,0.0003538035841276242,03-chemical-validation/part3/3c/d2-map/fecl-tmp-d2map/results/reference/plot-data/per-geometry-descriptors.csv
Fe-TMP-Cl,141,0.00033767278058071466,03-chemical-validation/part3/3c/d2-map/fecl-tmp-d2map/results/reference/plot-data/per-geometry-descriptors.csv
Fe-TMP-Cl,142,0.0003374332506794644,03-chemical-validation/part3/3c/d2-map/fecl-tmp-d2map/results/reference/plot-data/per-geometry-descriptors.csv
Fe-TMP-Cl,143,0.00031930120940472985,03-chemical-validation/part3/3c/d2-map/fecl-tmp-d2map/results/reference/plot-data/per-geometry-descriptors.csv
Fe-TMP-Cl,144,0.00030041404062332506,03-chemical-validation/part3/3c/d2-map/fecl-tmp-d2map/results/reference/plot-data/per-geometry-descriptors.csv
Fe-TMP-Cl,145,0.00031430192845911315,03-chemical-validation/part3/3c/d2-map/fecl-tmp-d2map/results/reference/plot-data/per-geometry-descriptors.csv
Fe-TMP-Cl,146,0.00028635626627487285,03-chemical-validation/part3/3c/d2-map/fecl-tmp-d2map/results/reference/plot-data/per-geometry-descriptors.csv
Fe-TMP-Cl,147,0.00028563838429065936,03-chemical-validation/part3/3c/d2-map/fecl-tmp-d2map/results/reference/plot-data/per-geometry-descriptors.csv
Fe-TMP-Cl,148,0.0002787909740803551,03-chemical-validation/part3/3c/d2-map/fecl-tmp-d2map/results/reference/plot-data/per-geometry-descriptors.csv
Fe-TMP-Cl,149,0.00026552278786040937,03-chemical-validation/part3/3c/d2-map/fecl-tmp-d2map/results/reference/plot-data/per-geometry-descriptors.csv
Fe-TMP-Cl,150,0.00026410362550513354,03-chemical-validation/part3/3c/d2-map/fecl-tmp-d2map/results/reference/plot-data/per-geometry-descriptors.csv
Fe-TMP-Cl,151,0.00024253508169923347,03-chemical-validation/part3/3c/d2-map/fecl-tmp-d2map/results/reference/plot-data/per-geometry-descriptors.csv
Fe-TMP-Cl,152,0.00024244005750965507,03-chemical-validation/part3/3c/d2-map/fecl-tmp-d2map/results/reference/plot-data/per-geometry-descriptors.csv
Fe-TMP-Cl,153,0.0002349450708457141,03-chemical-validation/part3/3c/d2-map/fecl-tmp-d2map/results/reference/plot-data/per-geometry-descriptors.csv
Fe-TMP-Cl,154,0.00019874071673177992,03-chemical-validation/part3/3c/d2-map/fecl-tmp-d2map/results/reference/plot-data/per-geometry-descriptors.csv
Fe-TMP-Cl,155,0.00019516548106369202,03-chemical-validation/part3/3c/d2-map/fecl-tmp-d2map/results/reference/plot-data/per-geometry-descriptors.csv
Fe-TMP-Cl,156,0.00019342868510797837,03-chemical-validation/part3/3c/d2-map/fecl-tmp-d2map/results/reference/plot-data/per-geometry-descriptors.csv
Fe-TMP-Cl,157,0.00018259910315663005,03-chemical-validation/part3/3c/d2-map/fecl-tmp-d2map/results/reference/plot-data/per-geometry-descriptors.csv
Fe-TMP-Cl,158,0.00017289694058539418,03-chemical-validation/part3/3c/d2-map/fecl-tmp-d2map/results/reference/plot-data/per-geometry-descriptors.csv
Fe-TMP-Cl,159,0.00016882907306387378,03-chemical-validation/part3/3c/d2-map/fecl-tmp-d2map/results/reference/plot-data/per-geometry-descriptors.csv
Fe-TMP-Cl,160,0.00016778449522149538,03-chemical-validation/part3/3c/d2-map/fecl-tmp-d2map/results/reference/plot-data/per-geometry-descriptors.csv
Fe-TMP-Cl,161,0.00016685060902908646,03-chemical-validation/part3/3c/d2-map/fecl-tmp-d2map/results/reference/plot-data/per-geometry-descriptors.csv
Fe-TMP-Cl,162,0.00015791997886441115,03-chemical-validation/part3/3c/d2-map/fecl-tmp-d2map/results/reference/plot-data/per-geometry-descriptors.csv
Fe-TMP-Cl,163,0.00015147053220763285,03-chemical-validation/part3/3c/d2-map/fecl-tmp-d2map/results/reference/plot-data/per-geometry-descriptors.csv
Fe-TMP-Cl,164,0.00015073118063830025,03-chemical-validation/part3/3c/d2-map/fecl-tmp-d2map/results/reference/plot-data/per-geometry-descriptors.csv
Fe-TMP-Cl,165,0.0001456156844587632,03-chemical-validation/part3/3c/d2-map/fecl-tmp-d2map/results/reference/plot-data/per-geometry-descriptors.csv
Fe-TMP-Cl,166,0.00014375539384525239,03-chemical-validation/part3/3c/d2-map/fecl-tmp-d2map/results/reference/plot-data/per-geometry-descriptors.csv
Fe-TMP-Cl,167,0.00014027804254845556,03-chemical-validation/part3/3c/d2-map/fecl-tmp-d2map/results/reference/plot-data/per-geometry-descriptors.csv
Fe-TMP-Cl,168,0.00013241441308929172,03-chemical-validation/part3/3c/d2-map/fecl-tmp-d2map/results/reference/plot-data/per-geometry-descriptors.csv
Fe-TMP-Cl,169,0.00012591236997436955,03-chemical-validation/part3/3c/d2-map/fecl-tmp-d2map/results/reference/plot-data/per-geometry-descriptors.csv
Fe-TMP-Cl,170,0.0001308682270569986,03-chemical-validation/part3/3c/d2-map/fecl-tmp-d2map/results/reference/plot-data/per-geometry-descriptors.csv
Fe-TMP-Cl,171,0.00012312846963933476,03-chemical-validation/part3/3c/d2-map/fecl-tmp-d2map/results/reference/plot-data/per-geometry-descriptors.csv
Fe-TMP-Cl,172,0.00011607489094974244,03-chemical-validation/part3/3c/d2-map/fecl-tmp-d2map/results/reference/plot-data/per-geometry-descriptors.csv
Fe-TMP-Cl,173,0.00011065961228294316,03-chemical-validation/part3/3c/d2-map/fecl-tmp-d2map/results/reference/plot-data/per-geometry-descriptors.csv
Fe-TMP-Cl,174,8.815519120609134e-05,03-chemical-validation/part3/3c/d2-map/fecl-tmp-d2map/results/reference/plot-data/per-geometry-descriptors.csv
Fe-TMP-Cl,175,8.533945866806153e-05,03-chemical-validation/part3/3c/d2-map/fecl-tmp-d2map/results/reference/plot-data/per-geometry-descriptors.csv
Fe-TMP-Cl,176,8.298284866678604e-05,03-chemical-validation/part3/3c/d2-map/fecl-tmp-d2map/results/reference/plot-data/per-geometry-descriptors.csv
Fe-TMP-Cl,177,7.663648381847244e-05,03-chemical-validation/part3/3c/d2-map/fecl-tmp-d2map/results/reference/plot-data/per-geometry-descriptors.csv
Fe-TMP-Cl,178,7.294670478838849e-05,03-chemical-validation/part3/3c/d2-map/fecl-tmp-d2map/results/reference/plot-data/per-geometry-descriptors.csv
Fe-TMP-Cl,179,7.140416279006634e-05,03-chemical-validation/part3/3c/d2-map/fecl-tmp-d2map/results/reference/plot-data/per-geometry-descriptors.csv
Fe-TMP-Cl,180,7.095410472767929e-05,03-chemical-validation/part3/3c/d2-map/fecl-tmp-d2map/results/reference/plot-data/per-geometry-descriptors.csv
Fe-TMP-Cl,181,6.838292173001939e-05,03-chemical-validation/part3/3c/d2-map/fecl-tmp-d2map/results/reference/plot-data/per-geometry-descriptors.csv
Fe-TMP-Cl,182,6.451332598512976e-05,03-chemical-validation/part3/3c/d2-map/fecl-tmp-d2map/results/reference/plot-data/per-geometry-descriptors.csv
Fe-TMP-Cl,183,6.128573526989378e-05,03-chemical-validation/part3/3c/d2-map/fecl-tmp-d2map/results/reference/plot-data/per-geometry-descriptors.csv
Fe-TMP-Cl,184,6.119233809833526e-05,03-chemical-validation/part3/3c/d2-map/fecl-tmp-d2map/results/reference/plot-data/per-geometry-descriptors.csv
Fe-TMP-Cl,185,5.871749358469785e-05,03-chemical-validation/part3/3c/d2-map/fecl-tmp-d2map/results/reference/plot-data/per-geometry-descriptors.csv
Fe-TMP-Cl,186,6.116577188891571e-05,03-chemical-validation/part3/3c/d2-map/fecl-tmp-d2map/results/reference/plot-data/per-geometry-descriptors.csv
Fe-TMP-Cl,187,5.688718931707596e-05,03-chemical-validation/part3/3c/d2-map/fecl-tmp-d2map/results/reference/plot-data/per-geometry-descriptors.csv
Fe-TMP-Cl,188,5.18560588092821e-05,03-chemical-validation/part3/3c/d2-map/fecl-tmp-d2map/results/reference/plot-data/per-geometry-descriptors.csv
Fe-TMP-Cl,189,5.176277624544342e-05,03-chemical-validation/part3/3c/d2-map/fecl-tmp-d2map/results/reference/plot-data/per-geometry-descriptors.csv
Fe-TMP-Cl,190,4.9178301632539376e-05,03-chemical-validation/part3/3c/d2-map/fecl-tmp-d2map/results/reference/plot-data/per-geometry-descriptors.csv
Fe-TMP-Cl,191,4.809403416870683e-05,03-chemical-validation/part3/3c/d2-map/fecl-tmp-d2map/results/reference/plot-data/per-geometry-descriptors.csv
Fe-TMP-Cl,192,4.776053909523871e-05,03-chemical-validation/part3/3c/d2-map/fecl-tmp-d2map/results/reference/plot-data/per-geometry-descriptors.csv
Fe-TMP-Cl,193,4.1740412550580134e-05,03-chemical-validation/part3/3c/d2-map/fecl-tmp-d2map/results/reference/plot-data/per-geometry-descriptors.csv
Fe-TMP-Cl,194,3.7581883686952686e-05,03-chemical-validation/part3/3c/d2-map/fecl-tmp-d2map/results/reference/plot-data/per-geometry-descriptors.csv
Fe-TMP-Cl,195,3.681757430266999e-05,03-chemical-validation/part3/3c/d2-map/fecl-tmp-d2map/results/reference/plot-data/per-geometry-descriptors.csv
Fe-TMP-Cl,196,3.3686049945961384e-05,03-chemical-validation/part3/3c/d2-map/fecl-tmp-d2map/results/reference/plot-data/per-geometry-descriptors.csv
Fe-TMP-Cl,197,3.224023722755033e-05,03-chemical-validation/part3/3c/d2-map/fecl-tmp-d2map/results/reference/plot-data/per-geometry-descriptors.csv
Fe-TMP-Cl,198,2.6268815355523776e-05,03-chemical-validation/part3/3c/d2-map/fecl-tmp-d2map/results/reference/plot-data/per-geometry-descriptors.csv
Fe-TMP-Cl,199,2.5756941356997085e-05,03-chemical-validation/part3/3c/d2-map/fecl-tmp-d2map/results/reference/plot-data/per-geometry-descriptors.csv
Fe-TMP-Cl,200,2.491181147485364e-05,03-chemical-validation/part3/3c/d2-map/fecl-tmp-d2map/results/reference/plot-data/per-geometry-descriptors.csv
Fe-TMP-Cl,201,2.475505533845074e-05,03-chemical-validation/part3/3c/d2-map/fecl-tmp-d2map/results/reference/plot-data/per-geometry-descriptors.csv
Fe-TMP-Cl,202,2.3898969607572875e-05,03-chemical-validation/part3/3c/d2-map/fecl-tmp-d2map/results/reference/plot-data/per-geometry-descriptors.csv
Fe-TMP-Cl,203,2.3194258418658944e-05,03-chemical-validation/part3/3c/d2-map/fecl-tmp-d2map/results/reference/plot-data/per-geometry-descriptors.csv
Fe-TMP-Cl,204,2.189474308082977e-05,03-chemical-validation/part3/3c/d2-map/fecl-tmp-d2map/results/reference/plot-data/per-geometry-descriptors.csv
Fe-TMP-Cl,205,2.011710306323348e-05,03-chemical-validation/part3/3c/d2-map/fecl-tmp-d2map/results/reference/plot-data/per-geometry-descriptors.csv
Fe-TMP-Cl,206,1.994568253812801e-05,03-chemical-validation/part3/3c/d2-map/fecl-tmp-d2map/results/reference/plot-data/per-geometry-descriptors.csv
Fe-TMP-Cl,207,1.906233451927237e-05,03-chemical-validation/part3/3c/d2-map/fecl-tmp-d2map/results/reference/plot-data/per-geometry-descriptors.csv
Fe-TMP-Cl,208,1.821289901248701e-05,03-chemical-validation/part3/3c/d2-map/fecl-tmp-d2map/results/reference/plot-data/per-geometry-descriptors.csv
Fe-TMP-Cl,209,1.8095420399680527e-05,03-chemical-validation/part3/3c/d2-map/fecl-tmp-d2map/results/reference/plot-data/per-geometry-descriptors.csv
Fe-TMP-Cl,210,1.548043808285652e-05,03-chemical-validation/part3/3c/d2-map/fecl-tmp-d2map/results/reference/plot-data/per-geometry-descriptors.csv
Fe-TMP-Cl,211,1.5349502581844273e-05,03-chemical-validation/part3/3c/d2-map/fecl-tmp-d2map/results/reference/plot-data/per-geometry-descriptors.csv
Fe-TPP-Cl,1,0.06361653207078492,03-chemical-validation/part3/3c/d2-map/fecl-tpp-d2map/results/reference/plot-data/per-geometry-descriptors.csv
Fe-TPP-Cl,2,0.06298566155875113,03-chemical-validation/part3/3c/d2-map/fecl-tpp-d2map/results/reference/plot-data/per-geometry-descriptors.csv
Fe-TPP-Cl,3,0.05489971548953591,03-chemical-validation/part3/3c/d2-map/fecl-tpp-d2map/results/reference/plot-data/per-geometry-descriptors.csv
Fe-TPP-Cl,4,0.049942696321527306,03-chemical-validation/part3/3c/d2-map/fecl-tpp-d2map/results/reference/plot-data/per-geometry-descriptors.csv
Fe-TPP-Cl,5,0.04332328007028734,03-chemical-validation/part3/3c/d2-map/fecl-tpp-d2map/results/reference/plot-data/per-geometry-descriptors.csv
Fe-TPP-Cl,6,0.038005489634993596,03-chemical-validation/part3/3c/d2-map/fecl-tpp-d2map/results/reference/plot-data/per-geometry-descriptors.csv
Fe-TPP-Cl,7,0.035405806960162746,03-chemical-validation/part3/3c/d2-map/fecl-tpp-d2map/results/reference/plot-data/per-geometry-descriptors.csv
Fe-TPP-Cl,8,0.03099906243299172,03-chemical-validation/part3/3c/d2-map/fecl-tpp-d2map/results/reference/plot-data/per-geometry-descriptors.csv
Fe-TPP-Cl,9,0.029798003462257677,03-chemical-validation/part3/3c/d2-map/fecl-tpp-d2map/results/reference/plot-data/per-geometry-descriptors.csv
Fe-TPP-Cl,10,0.02319703182555743,03-chemical-validation/part3/3c/d2-map/fecl-tpp-d2map/results/reference/plot-data/per-geometry-descriptors.csv
Fe-TPP-Cl,11,0.02212887108892756,03-chemical-validation/part3/3c/d2-map/fecl-tpp-d2map/results/reference/plot-data/per-geometry-descriptors.csv
Fe-TPP-Cl,12,0.023024470239828905,03-chemical-validation/part3/3c/d2-map/fecl-tpp-d2map/results/reference/plot-data/per-geometry-descriptors.csv
Fe-TPP-Cl,13,0.020857212567929665,03-chemical-validation/part3/3c/d2-map/fecl-tpp-d2map/results/reference/plot-data/per-geometry-descriptors.csv
Fe-TPP-Cl,14,0.017781809035730477,03-chemical-validation/part3/3c/d2-map/fecl-tpp-d2map/results/reference/plot-data/per-geometry-descriptors.csv
Fe-TPP-Cl,15,0.017002035247172743,03-chemical-validation/part3/3c/d2-map/fecl-tpp-d2map/results/reference/plot-data/per-geometry-descriptors.csv
Fe-TPP-Cl,16,0.016685041349841355,03-chemical-validation/part3/3c/d2-map/fecl-tpp-d2map/results/reference/plot-data/per-geometry-descriptors.csv
Fe-TPP-Cl,17,0.016322878872569786,03-chemical-validation/part3/3c/d2-map/fecl-tpp-d2map/results/reference/plot-data/per-geometry-descriptors.csv
Fe-TPP-Cl,18,0.015106342414900205,03-chemical-validation/part3/3c/d2-map/fecl-tpp-d2map/results/reference/plot-data/per-geometry-descriptors.csv
Fe-TPP-Cl,19,0.01564382165806244,03-chemical-validation/part3/3c/d2-map/fecl-tpp-d2map/results/reference/plot-data/per-geometry-descriptors.csv
Fe-TPP-Cl,20,0.014135616496935819,03-chemical-validation/part3/3c/d2-map/fecl-tpp-d2map/results/reference/plot-data/per-geometry-descriptors.csv
Fe-TPP-Cl,21,0.01384432514195244,03-chemical-validation/part3/3c/d2-map/fecl-tpp-d2map/results/reference/plot-data/per-geometry-descriptors.csv
Fe-TPP-Cl,22,0.013430974255450262,03-chemical-validation/part3/3c/d2-map/fecl-tpp-d2map/results/reference/plot-data/per-geometry-descriptors.csv
Fe-TPP-Cl,23,0.012822423996857487,03-chemical-validation/part3/3c/d2-map/fecl-tpp-d2map/results/reference/plot-data/per-geometry-descriptors.csv
Fe-TPP-Cl,24,0.012089282678343246,03-chemical-validation/part3/3c/d2-map/fecl-tpp-d2map/results/reference/plot-data/per-geometry-descriptors.csv
Fe-TPP-Cl,25,0.011756438754193646,03-chemical-validation/part3/3c/d2-map/fecl-tpp-d2map/results/reference/plot-data/per-geometry-descriptors.csv
Fe-TPP-Cl,26,0.011279889627998793,03-chemical-validation/part3/3c/d2-map/fecl-tpp-d2map/results/reference/plot-data/per-geometry-descriptors.csv
Fe-TPP-Cl,27,0.009739564470586055,03-chemical-validation/part3/3c/d2-map/fecl-tpp-d2map/results/reference/plot-data/per-geometry-descriptors.csv
Fe-TPP-Cl,28,0.009609742415582954,03-chemical-validation/part3/3c/d2-map/fecl-tpp-d2map/results/reference/plot-data/per-geometry-descriptors.csv
Fe-TPP-Cl,29,0.008881202160864694,03-chemical-validation/part3/3c/d2-map/fecl-tpp-d2map/results/reference/plot-data/per-geometry-descriptors.csv
Fe-TPP-Cl,30,0.008800676033827561,03-chemical-validation/part3/3c/d2-map/fecl-tpp-d2map/results/reference/plot-data/per-geometry-descriptors.csv
Fe-TPP-Cl,31,0.008741316416905941,03-chemical-validation/part3/3c/d2-map/fecl-tpp-d2map/results/reference/plot-data/per-geometry-descriptors.csv
Fe-TPP-Cl,32,0.008204417985752601,03-chemical-validation/part3/3c/d2-map/fecl-tpp-d2map/results/reference/plot-data/per-geometry-descriptors.csv
Fe-TPP-Cl,33,0.008050001450409842,03-chemical-validation/part3/3c/d2-map/fecl-tpp-d2map/results/reference/plot-data/per-geometry-descriptors.csv
Fe-TPP-Cl,34,0.007577441762511832,03-chemical-validation/part3/3c/d2-map/fecl-tpp-d2map/results/reference/plot-data/per-geometry-descriptors.csv
Fe-TPP-Cl,35,0.007266439932676091,03-chemical-validation/part3/3c/d2-map/fecl-tpp-d2map/results/reference/plot-data/per-geometry-descriptors.csv
Fe-TPP-Cl,36,0.007523383945504893,03-chemical-validation/part3/3c/d2-map/fecl-tpp-d2map/results/reference/plot-data/per-geometry-descriptors.csv
Fe-TPP-Cl,37,0.0068817319121577646,03-chemical-validation/part3/3c/d2-map/fecl-tpp-d2map/results/reference/plot-data/per-geometry-descriptors.csv
Fe-TPP-Cl,38,0.006344065173355694,03-chemical-validation/part3/3c/d2-map/fecl-tpp-d2map/results/reference/plot-data/per-geometry-descriptors.csv
Fe-TPP-Cl,39,0.006006536306417528,03-chemical-validation/part3/3c/d2-map/fecl-tpp-d2map/results/reference/plot-data/per-geometry-descriptors.csv
Fe-TPP-Cl,40,0.006162281369078396,03-chemical-validation/part3/3c/d2-map/fecl-tpp-d2map/results/reference/plot-data/per-geometry-descriptors.csv
Fe-TPP-Cl,41,0.006094454828906119,03-chemical-validation/part3/3c/d2-map/fecl-tpp-d2map/results/reference/plot-data/per-geometry-descriptors.csv
Fe-TPP-Cl,42,0.005536661794828964,03-chemical-validation/part3/3c/d2-map/fecl-tpp-d2map/results/reference/plot-data/per-geometry-descriptors.csv
Fe-TPP-Cl,43,0.00543567845161271,03-chemical-validation/part3/3c/d2-map/fecl-tpp-d2map/results/reference/plot-data/per-geometry-descriptors.csv
Fe-TPP-Cl,44,0.0052162814600346516,03-chemical-validation/part3/3c/d2-map/fecl-tpp-d2map/results/reference/plot-data/per-geometry-descriptors.csv
Fe-TPP-Cl,45,0.00543234041315352,03-chemical-validation/part3/3c/d2-map/fecl-tpp-d2map/results/reference/plot-data/per-geometry-descriptors.csv
Fe-TPP-Cl,46,0.005023744760342552,03-chemical-validation/part3/3c/d2-map/fecl-tpp-d2map/results/reference/plot-data/per-geometry-descriptors.csv
Fe-TPP-Cl,47,0.004778780620316043,03-chemical-validation/part3/3c/d2-map/fecl-tpp-d2map/results/reference/plot-data/per-geometry-descriptors.csv
Fe-TPP-Cl,48,0.004565930389200743,03-chemical-validation/part3/3c/d2-map/fecl-tpp-d2map/results/reference/plot-data/per-geometry-descriptors.csv
Fe-TPP-Cl,49,0.004544317125895269,03-chemical-validation/part3/3c/d2-map/fecl-tpp-d2map/results/reference/plot-data/per-geometry-descriptors.csv
Fe-TPP-Cl,50,0.0043833558906966755,03-chemical-validation/part3/3c/d2-map/fecl-tpp-d2map/results/reference/plot-data/per-geometry-descriptors.csv
Fe-TPP-Cl,51,0.004155730374184521,03-chemical-validation/part3/3c/d2-map/fecl-tpp-d2map/results/reference/plot-data/per-geometry-descriptors.csv
Fe-TPP-Cl,52,0.004087502849263478,03-chemical-validation/part3/3c/d2-map/fecl-tpp-d2map/results/reference/plot-data/per-geometry-descriptors.csv
Fe-TPP-Cl,53,0.003945311971686229,03-chemical-validation/part3/3c/d2-map/fecl-tpp-d2map/results/reference/plot-data/per-geometry-descriptors.csv
Fe-TPP-Cl,54,0.0038900034072206413,03-chemical-validation/part3/3c/d2-map/fecl-tpp-d2map/results/reference/plot-data/per-geometry-descriptors.csv
Fe-TPP-Cl,55,0.003800251114243462,03-chemical-validation/part3/3c/d2-map/fecl-tpp-d2map/results/reference/plot-data/per-geometry-descriptors.csv
Fe-TPP-Cl,56,0.0036475205591430895,03-chemical-validation/part3/3c/d2-map/fecl-tpp-d2map/results/reference/plot-data/per-geometry-descriptors.csv
Fe-TPP-Cl,57,0.003522686642157899,03-chemical-validation/part3/3c/d2-map/fecl-tpp-d2map/results/reference/plot-data/per-geometry-descriptors.csv
Fe-TPP-Cl,58,0.003478861949360915,03-chemical-validation/part3/3c/d2-map/fecl-tpp-d2map/results/reference/plot-data/per-geometry-descriptors.csv
Fe-TPP-Cl,59,0.0034515203333854868,03-chemical-validation/part3/3c/d2-map/fecl-tpp-d2map/results/reference/plot-data/per-geometry-descriptors.csv
Fe-TPP-Cl,60,0.003270725374848551,03-chemical-validation/part3/3c/d2-map/fecl-tpp-d2map/results/reference/plot-data/per-geometry-descriptors.csv
Fe-TPP-Cl,61,0.003424030941556245,03-chemical-validation/part3/3c/d2-map/fecl-tpp-d2map/results/reference/plot-data/per-geometry-descriptors.csv
Fe-TPP-Cl,62,0.003077126460278543,03-chemical-validation/part3/3c/d2-map/fecl-tpp-d2map/results/reference/plot-data/per-geometry-descriptors.csv
Fe-TPP-Cl,63,0.002873816497023826,03-chemical-validation/part3/3c/d2-map/fecl-tpp-d2map/results/reference/plot-data/per-geometry-descriptors.csv
Fe-TPP-Cl,64,0.0027412527261825572,03-chemical-validation/part3/3c/d2-map/fecl-tpp-d2map/results/reference/plot-data/per-geometry-descriptors.csv
Fe-TPP-Cl,65,0.0026904854504160233,03-chemical-validation/part3/3c/d2-map/fecl-tpp-d2map/results/reference/plot-data/per-geometry-descriptors.csv
Fe-TPP-Cl,66,0.002681637983467063,03-chemical-validation/part3/3c/d2-map/fecl-tpp-d2map/results/reference/plot-data/per-geometry-descriptors.csv
Fe-TPP-Cl,67,0.002447244399959361,03-chemical-validation/part3/3c/d2-map/fecl-tpp-d2map/results/reference/plot-data/per-geometry-descriptors.csv
Fe-TPP-Cl,68,0.0024406439405877307,03-chemical-validation/part3/3c/d2-map/fecl-tpp-d2map/results/reference/plot-data/per-geometry-descriptors.csv
Fe-TPP-Cl,69,0.00234439213320595,03-chemical-validation/part3/3c/d2-map/fecl-tpp-d2map/results/reference/plot-data/per-geometry-descriptors.csv
Fe-TPP-Cl,70,0.0023331958843529343,03-chemical-validation/part3/3c/d2-map/fecl-tpp-d2map/results/reference/plot-data/per-geometry-descriptors.csv
Fe-TPP-Cl,71,0.002259796743268376,03-chemical-validation/part3/3c/d2-map/fecl-tpp-d2map/results/reference/plot-data/per-geometry-descriptors.csv
Fe-TPP-Cl,72,0.0021477401330732334,03-chemical-validation/part3/3c/d2-map/fecl-tpp-d2map/results/reference/plot-data/per-geometry-descriptors.csv
Fe-TPP-Cl,73,0.0021467622334853417,03-chemical-validation/part3/3c/d2-map/fecl-tpp-d2map/results/reference/plot-data/per-geometry-descriptors.csv
Fe-TPP-Cl,74,0.0020599610447413776,03-chemical-validation/part3/3c/d2-map/fecl-tpp-d2map/results/reference/plot-data/per-geometry-descriptors.csv
Fe-TPP-Cl,75,0.0018986752926915661,03-chemical-validation/part3/3c/d2-map/fecl-tpp-d2map/results/reference/plot-data/per-geometry-descriptors.csv
Fe-TPP-Cl,76,0.0018911493176108126,03-chemical-validation/part3/3c/d2-map/fecl-tpp-d2map/results/reference/plot-data/per-geometry-descriptors.csv
Fe-TPP-Cl,77,0.0018035893781150007,03-chemical-validation/part3/3c/d2-map/fecl-tpp-d2map/results/reference/plot-data/per-geometry-descriptors.csv
Fe-TPP-Cl,78,0.0017770061166211824,03-chemical-validation/part3/3c/d2-map/fecl-tpp-d2map/results/reference/plot-data/per-geometry-descriptors.csv
Fe-TPP-Cl,79,0.0016884067725459178,03-chemical-validation/part3/3c/d2-map/fecl-tpp-d2map/results/reference/plot-data/per-geometry-descriptors.csv
Fe-TPP-Cl,80,0.0016701943758698878,03-chemical-validation/part3/3c/d2-map/fecl-tpp-d2map/results/reference/plot-data/per-geometry-descriptors.csv
Fe-TPP-Cl,81,0.001679453748313688,03-chemical-validation/part3/3c/d2-map/fecl-tpp-d2map/results/reference/plot-data/per-geometry-descriptors.csv
Fe-TPP-Cl,82,0.0014736496409812083,03-chemical-validation/part3/3c/d2-map/fecl-tpp-d2map/results/reference/plot-data/per-geometry-descriptors.csv
Fe-TPP-Cl,83,0.0014675130439240228,03-chemical-validation/part3/3c/d2-map/fecl-tpp-d2map/results/reference/plot-data/per-geometry-descriptors.csv
Fe-TPP-Cl,84,0.0014246627714052684,03-chemical-validation/part3/3c/d2-map/fecl-tpp-d2map/results/reference/plot-data/per-geometry-descriptors.csv
Fe-TPP-Cl,85,0.0013681739334725843,03-chemical-validation/part3/3c/d2-map/fecl-tpp-d2map/results/reference/plot-data/per-geometry-descriptors.csv
Fe-TPP-Cl,86,0.0013403207479915954,03-chemical-validation/part3/3c/d2-map/fecl-tpp-d2map/results/reference/plot-data/per-geometry-descriptors.csv
Fe-TPP-Cl,87,0.0012930104611217385,03-chemical-validation/part3/3c/d2-map/fecl-tpp-d2map/results/reference/plot-data/per-geometry-descriptors.csv
Fe-TPP-Cl,88,0.001290588811758698,03-chemical-validation/part3/3c/d2-map/fecl-tpp-d2map/results/reference/plot-data/per-geometry-descriptors.csv
Fe-TPP-Cl,89,0.0012978811462451393,03-chemical-validation/part3/3c/d2-map/fecl-tpp-d2map/results/reference/plot-data/per-geometry-descriptors.csv
Fe-TPP-Cl,90,0.001191798760089401,03-chemical-validation/part3/3c/d2-map/fecl-tpp-d2map/results/reference/plot-data/per-geometry-descriptors.csv
Fe-TPP-Cl,91,0.0011741954251773044,03-chemical-validation/part3/3c/d2-map/fecl-tpp-d2map/results/reference/plot-data/per-geometry-descriptors.csv
Fe-TPP-Cl,92,0.001125871610180643,03-chemical-validation/part3/3c/d2-map/fecl-tpp-d2map/results/reference/plot-data/per-geometry-descriptors.csv
Fe-TPP-Cl,93,0.001125645071818192,03-chemical-validation/part3/3c/d2-map/fecl-tpp-d2map/results/reference/plot-data/per-geometry-descriptors.csv
Fe-TPP-Cl,94,0.0010947463977426684,03-chemical-validation/part3/3c/d2-map/fecl-tpp-d2map/results/reference/plot-data/per-geometry-descriptors.csv
Fe-TPP-Cl,95,0.001055131651548651,03-chemical-validation/part3/3c/d2-map/fecl-tpp-d2map/results/reference/plot-data/per-geometry-descriptors.csv
Fe-TPP-Cl,96,0.0010548746566209168,03-chemical-validation/part3/3c/d2-map/fecl-tpp-d2map/results/reference/plot-data/per-geometry-descriptors.csv
Fe-TPP-Cl,97,0.0010542268603605655,03-chemical-validation/part3/3c/d2-map/fecl-tpp-d2map/results/reference/plot-data/per-geometry-descriptors.csv
Fe-TPP-Cl,98,0.001049392166016857,03-chemical-validation/part3/3c/d2-map/fecl-tpp-d2map/results/reference/plot-data/per-geometry-descriptors.csv
Fe-TPP-Cl,99,0.0009598614343014204,03-chemical-validation/part3/3c/d2-map/fecl-tpp-d2map/results/reference/plot-data/per-geometry-descriptors.csv
Fe-TPP-Cl,100,0.0009313803330851895,03-chemical-validation/part3/3c/d2-map/fecl-tpp-d2map/results/reference/plot-data/per-geometry-descriptors.csv
Fe-TPP-Cl,101,0.0009289273370815777,03-chemical-validation/part3/3c/d2-map/fecl-tpp-d2map/results/reference/plot-data/per-geometry-descriptors.csv
Fe-TPP-Cl,102,0.0009233852366122838,03-chemical-validation/part3/3c/d2-map/fecl-tpp-d2map/results/reference/plot-data/per-geometry-descriptors.csv
Fe-TPP-Cl,103,0.0009664102665696095,03-chemical-validation/part3/3c/d2-map/fecl-tpp-d2map/results/reference/plot-data/per-geometry-descriptors.csv
Fe-TPP-Cl,104,0.0009262649518830238,03-chemical-validation/part3/3c/d2-map/fecl-tpp-d2map/results/reference/plot-data/per-geometry-descriptors.csv
Fe-TPP-Cl,105,0.0008922364786875868,03-chemical-validation/part3/3c/d2-map/fecl-tpp-d2map/results/reference/plot-data/per-geometry-descriptors.csv
Fe-TPP-Cl,106,0.0008636829954147074,03-chemical-validation/part3/3c/d2-map/fecl-tpp-d2map/results/reference/plot-data/per-geometry-descriptors.csv
Fe-TPP-Cl,107,0.0008384641042596579,03-chemical-validation/part3/3c/d2-map/fecl-tpp-d2map/results/reference/plot-data/per-geometry-descriptors.csv
Fe-TPP-Cl,108,0.0008150685565308932,03-chemical-validation/part3/3c/d2-map/fecl-tpp-d2map/results/reference/plot-data/per-geometry-descriptors.csv
Fe-TPP-Cl,109,0.000754449718715634,03-chemical-validation/part3/3c/d2-map/fecl-tpp-d2map/results/reference/plot-data/per-geometry-descriptors.csv
Fe-TPP-Cl,110,0.0007980780808123368,03-chemical-validation/part3/3c/d2-map/fecl-tpp-d2map/results/reference/plot-data/per-geometry-descriptors.csv
Fe-TPP-Cl,111,0.0007337480348986265,03-chemical-validation/part3/3c/d2-map/fecl-tpp-d2map/results/reference/plot-data/per-geometry-descriptors.csv
Fe-TPP-Cl,112,0.0007331033059990236,03-chemical-validation/part3/3c/d2-map/fecl-tpp-d2map/results/reference/plot-data/per-geometry-descriptors.csv
Fe-TPP-Cl,113,0.0007196255013242262,03-chemical-validation/part3/3c/d2-map/fecl-tpp-d2map/results/reference/plot-data/per-geometry-descriptors.csv
Fe-TPP-Cl,114,0.0007164163382282385,03-chemical-validation/part3/3c/d2-map/fecl-tpp-d2map/results/reference/plot-data/per-geometry-descriptors.csv
Fe-TPP-Cl,115,0.0007022107821381538,03-chemical-validation/part3/3c/d2-map/fecl-tpp-d2map/results/reference/plot-data/per-geometry-descriptors.csv
Fe-TPP-Cl,116,0.0006721144493903693,03-chemical-validation/part3/3c/d2-map/fecl-tpp-d2map/results/reference/plot-data/per-geometry-descriptors.csv
Fe-TPP-Cl,117,0.0006271819433407727,03-chemical-validation/part3/3c/d2-map/fecl-tpp-d2map/results/reference/plot-data/per-geometry-descriptors.csv
Fe-TPP-Cl,118,0.0006086817230926954,03-chemical-validation/part3/3c/d2-map/fecl-tpp-d2map/results/reference/plot-data/per-geometry-descriptors.csv
Fe-TPP-Cl,119,0.0006079086180247005,03-chemical-validation/part3/3c/d2-map/fecl-tpp-d2map/results/reference/plot-data/per-geometry-descriptors.csv
Fe-TPP-Cl,120,0.0005904394828549742,03-chemical-validation/part3/3c/d2-map/fecl-tpp-d2map/results/reference/plot-data/per-geometry-descriptors.csv
Fe-TPP-Cl,121,0.0005855446881395686,03-chemical-validation/part3/3c/d2-map/fecl-tpp-d2map/results/reference/plot-data/per-geometry-descriptors.csv
Fe-TPP-Cl,122,0.0005822670535423727,03-chemical-validation/part3/3c/d2-map/fecl-tpp-d2map/results/reference/plot-data/per-geometry-descriptors.csv
Fe-TPP-Cl,123,0.0005678094097644693,03-chemical-validation/part3/3c/d2-map/fecl-tpp-d2map/results/reference/plot-data/per-geometry-descriptors.csv
Fe-TPP-Cl,124,0.0005722285847596459,03-chemical-validation/part3/3c/d2-map/fecl-tpp-d2map/results/reference/plot-data/per-geometry-descriptors.csv
Fe-TPP-Cl,125,0.0005702743695108139,03-chemical-validation/part3/3c/d2-map/fecl-tpp-d2map/results/reference/plot-data/per-geometry-descriptors.csv
Fe-TPP-Cl,126,0.0005492542178375252,03-chemical-validation/part3/3c/d2-map/fecl-tpp-d2map/results/reference/plot-data/per-geometry-descriptors.csv
Fe-TPP-Cl,127,0.0005450124680016927,03-chemical-validation/part3/3c/d2-map/fecl-tpp-d2map/results/reference/plot-data/per-geometry-descriptors.csv
Fe-TPP-Cl,128,0.0005321501235782948,03-chemical-validation/part3/3c/d2-map/fecl-tpp-d2map/results/reference/plot-data/per-geometry-descriptors.csv
Fe-TPP-Cl,129,0.0005179210893642503,03-chemical-validation/part3/3c/d2-map/fecl-tpp-d2map/results/reference/plot-data/per-geometry-descriptors.csv
Fe-TPP-Cl,130,0.0004959386104027579,03-chemical-validation/part3/3c/d2-map/fecl-tpp-d2map/results/reference/plot-data/per-geometry-descriptors.csv
Fe-TPP-Cl,131,0.000501022707058173,03-chemical-validation/part3/3c/d2-map/fecl-tpp-d2map/results/reference/plot-data/per-geometry-descriptors.csv
Fe-TPP-Cl,132,0.0004978700505883224,03-chemical-validation/part3/3c/d2-map/fecl-tpp-d2map/results/reference/plot-data/per-geometry-descriptors.csv
Fe-TPP-Cl,133,0.0004780278999422952,03-chemical-validation/part3/3c/d2-map/fecl-tpp-d2map/results/reference/plot-data/per-geometry-descriptors.csv
Fe-TPP-Cl,134,0.0005116186526471944,03-chemical-validation/part3/3c/d2-map/fecl-tpp-d2map/results/reference/plot-data/per-geometry-descriptors.csv
Fe-TPP-Cl,135,0.0005099686375726815,03-chemical-validation/part3/3c/d2-map/fecl-tpp-d2map/results/reference/plot-data/per-geometry-descriptors.csv
Fe-TPP-Cl,136,0.00047620369581165956,03-chemical-validation/part3/3c/d2-map/fecl-tpp-d2map/results/reference/plot-data/per-geometry-descriptors.csv
Fe-TPP-Cl,137,0.0004663066440235968,03-chemical-validation/part3/3c/d2-map/fecl-tpp-d2map/results/reference/plot-data/per-geometry-descriptors.csv
Fe-TPP-Cl,138,0.0004600862071102758,03-chemical-validation/part3/3c/d2-map/fecl-tpp-d2map/results/reference/plot-data/per-geometry-descriptors.csv
Fe-TPP-Cl,139,0.00045423250063800354,03-chemical-validation/part3/3c/d2-map/fecl-tpp-d2map/results/reference/plot-data/per-geometry-descriptors.csv
Fe-TPP-Cl,140,0.0004481019360162574,03-chemical-validation/part3/3c/d2-map/fecl-tpp-d2map/results/reference/plot-data/per-geometry-descriptors.csv
Fe-TPP-Cl,141,0.0004248187245988645,03-chemical-validation/part3/3c/d2-map/fecl-tpp-d2map/results/reference/plot-data/per-geometry-descriptors.csv
Fe-TPP-Cl,142,0.0004177158609066737,03-chemical-validation/part3/3c/d2-map/fecl-tpp-d2map/results/reference/plot-data/per-geometry-descriptors.csv
Fe-TPP-Cl,143,0.0004285923159746296,03-chemical-validation/part3/3c/d2-map/fecl-tpp-d2map/results/reference/plot-data/per-geometry-descriptors.csv
Fe-TPP-Cl,144,0.00041352090955654457,03-chemical-validation/part3/3c/d2-map/fecl-tpp-d2map/results/reference/plot-data/per-geometry-descriptors.csv
Fe-TPP-Cl,145,0.0004187922993102122,03-chemical-validation/part3/3c/d2-map/fecl-tpp-d2map/results/reference/plot-data/per-geometry-descriptors.csv
Fe-TPP-Cl,146,0.00039824911950460623,03-chemical-validation/part3/3c/d2-map/fecl-tpp-d2map/results/reference/plot-data/per-geometry-descriptors.csv
Fe-TPP-Cl,147,0.00039598633426044986,03-chemical-validation/part3/3c/d2-map/fecl-tpp-d2map/results/reference/plot-data/per-geometry-descriptors.csv
Fe-TPP-Cl,148,0.00038422031181162714,03-chemical-validation/part3/3c/d2-map/fecl-tpp-d2map/results/reference/plot-data/per-geometry-descriptors.csv
Fe-TPP-Cl,149,0.0003726341521558213,03-chemical-validation/part3/3c/d2-map/fecl-tpp-d2map/results/reference/plot-data/per-geometry-descriptors.csv
Fe-TPP-Cl,150,0.0003684429079998992,03-chemical-validation/part3/3c/d2-map/fecl-tpp-d2map/results/reference/plot-data/per-geometry-descriptors.csv
Fe-TPP-Cl,151,0.0003677372804429326,03-chemical-validation/part3/3c/d2-map/fecl-tpp-d2map/results/reference/plot-data/per-geometry-descriptors.csv
Fe-TPP-Cl,152,0.00036517570264065527,03-chemical-validation/part3/3c/d2-map/fecl-tpp-d2map/results/reference/plot-data/per-geometry-descriptors.csv
Fe-TPP-Cl,153,0.0003604455531539281,03-chemical-validation/part3/3c/d2-map/fecl-tpp-d2map/results/reference/plot-data/per-geometry-descriptors.csv
Fe-TPP-Cl,154,0.00035181229486082083,03-chemical-validation/part3/3c/d2-map/fecl-tpp-d2map/results/reference/plot-data/per-geometry-descriptors.csv
Fe-TPP-Cl,155,0.00034312406382686755,03-chemical-validation/part3/3c/d2-map/fecl-tpp-d2map/results/reference/plot-data/per-geometry-descriptors.csv
Fe-TPP-Cl,156,0.0003343138521155726,03-chemical-validation/part3/3c/d2-map/fecl-tpp-d2map/results/reference/plot-data/per-geometry-descriptors.csv
Fe-TPP-Cl,157,0.0003479768462472622,03-chemical-validation/part3/3c/d2-map/fecl-tpp-d2map/results/reference/plot-data/per-geometry-descriptors.csv
Fe-TPP-Cl,158,0.0003331227406034843,03-chemical-validation/part3/3c/d2-map/fecl-tpp-d2map/results/reference/plot-data/per-geometry-descriptors.csv
Fe-TPP-Cl,159,0.00031559980920027375,03-chemical-validation/part3/3c/d2-map/fecl-tpp-d2map/results/reference/plot-data/per-geometry-descriptors.csv
Fe-TPP-Cl,160,0.0003146686104122072,03-chemical-validation/part3/3c/d2-map/fecl-tpp-d2map/results/reference/plot-data/per-geometry-descriptors.csv
Fe-TPP-Cl,161,0.0002972273467699121,03-chemical-validation/part3/3c/d2-map/fecl-tpp-d2map/results/reference/plot-data/per-geometry-descriptors.csv
Fe-TPP-Cl,162,0.0002957389442285677,03-chemical-validation/part3/3c/d2-map/fecl-tpp-d2map/results/reference/plot-data/per-geometry-descriptors.csv
Fe-TPP-Cl,163,0.000292016442060368,03-chemical-validation/part3/3c/d2-map/fecl-tpp-d2map/results/reference/plot-data/per-geometry-descriptors.csv
Fe-TPP-Cl,164,0.000289970034409229,03-chemical-validation/part3/3c/d2-map/fecl-tpp-d2map/results/reference/plot-data/per-geometry-descriptors.csv
Fe-TPP-Cl,165,0.0003088868280553055,03-chemical-validation/part3/3c/d2-map/fecl-tpp-d2map/results/reference/plot-data/per-geometry-descriptors.csv
Fe-TPP-Cl,166,0.00028992090073211963,03-chemical-validation/part3/3c/d2-map/fecl-tpp-d2map/results/reference/plot-data/per-geometry-descriptors.csv
Fe-TPP-Cl,167,0.00027876466545820154,03-chemical-validation/part3/3c/d2-map/fecl-tpp-d2map/results/reference/plot-data/per-geometry-descriptors.csv
Fe-TPP-Cl,168,0.0002773364047697586,03-chemical-validation/part3/3c/d2-map/fecl-tpp-d2map/results/reference/plot-data/per-geometry-descriptors.csv
Fe-TPP-Cl,169,0.00027140856043815156,03-chemical-validation/part3/3c/d2-map/fecl-tpp-d2map/results/reference/plot-data/per-geometry-descriptors.csv
Fe-TPP-Cl,170,0.0002601010119677979,03-chemical-validation/part3/3c/d2-map/fecl-tpp-d2map/results/reference/plot-data/per-geometry-descriptors.csv
Fe-TPP-Cl,171,0.0002706593446978649,03-chemical-validation/part3/3c/d2-map/fecl-tpp-d2map/results/reference/plot-data/per-geometry-descriptors.csv
Fe-TPP-Cl,172,0.0002581087198606462,03-chemical-validation/part3/3c/d2-map/fecl-tpp-d2map/results/reference/plot-data/per-geometry-descriptors.csv
Fe-TPP-Cl,173,0.0002464609328292617,03-chemical-validation/part3/3c/d2-map/fecl-tpp-d2map/results/reference/plot-data/per-geometry-descriptors.csv
Fe-TPP-Cl,174,0.00023794027710230306,03-chemical-validation/part3/3c/d2-map/fecl-tpp-d2map/results/reference/plot-data/per-geometry-descriptors.csv
Fe-TPP-Cl,175,0.00023761541130339485,03-chemical-validation/part3/3c/d2-map/fecl-tpp-d2map/results/reference/plot-data/per-geometry-descriptors.csv
Fe-TPP-Cl,176,0.00023499755476141844,03-chemical-validation/part3/3c/d2-map/fecl-tpp-d2map/results/reference/plot-data/per-geometry-descriptors.csv
Fe-TPP-Cl,177,0.00023355842127871274,03-chemical-validation/part3/3c/d2-map/fecl-tpp-d2map/results/reference/plot-data/per-geometry-descriptors.csv
Fe-TPP-Cl,178,0.00023238884872234684,03-chemical-validation/part3/3c/d2-map/fecl-tpp-d2map/results/reference/plot-data/per-geometry-descriptors.csv
Fe-TPP-Cl,179,0.00022558654469159443,03-chemical-validation/part3/3c/d2-map/fecl-tpp-d2map/results/reference/plot-data/per-geometry-descriptors.csv
Fe-TPP-Cl,180,0.0002221180569515546,03-chemical-validation/part3/3c/d2-map/fecl-tpp-d2map/results/reference/plot-data/per-geometry-descriptors.csv
Fe-TPP-Cl,181,0.00021519205538041795,03-chemical-validation/part3/3c/d2-map/fecl-tpp-d2map/results/reference/plot-data/per-geometry-descriptors.csv
Fe-TPP-Cl,182,0.00021383570701176402,03-chemical-validation/part3/3c/d2-map/fecl-tpp-d2map/results/reference/plot-data/per-geometry-descriptors.csv
Fe-TPP-Cl,183,0.00021236641591941628,03-chemical-validation/part3/3c/d2-map/fecl-tpp-d2map/results/reference/plot-data/per-geometry-descriptors.csv
Fe-TPP-Cl,184,0.00019267031694079792,03-chemical-validation/part3/3c/d2-map/fecl-tpp-d2map/results/reference/plot-data/per-geometry-descriptors.csv
Fe-TPP-Cl,185,0.0001824774791412926,03-chemical-validation/part3/3c/d2-map/fecl-tpp-d2map/results/reference/plot-data/per-geometry-descriptors.csv
Fe-TPP-Cl,186,0.00017738395661556961,03-chemical-validation/part3/3c/d2-map/fecl-tpp-d2map/results/reference/plot-data/per-geometry-descriptors.csv
Fe-TPP-Cl,187,0.00016784152910859294,03-chemical-validation/part3/3c/d2-map/fecl-tpp-d2map/results/reference/plot-data/per-geometry-descriptors.csv
Fe-TPP-Cl,188,0.00016919439902976816,03-chemical-validation/part3/3c/d2-map/fecl-tpp-d2map/results/reference/plot-data/per-geometry-descriptors.csv
Fe-TPP-Cl,189,0.00016515591042369338,03-chemical-validation/part3/3c/d2-map/fecl-tpp-d2map/results/reference/plot-data/per-geometry-descriptors.csv
Fe-TPP-Cl,190,0.00016398462757692982,03-chemical-validation/part3/3c/d2-map/fecl-tpp-d2map/results/reference/plot-data/per-geometry-descriptors.csv
Fe-TPP-Cl,191,0.00016033857700231756,03-chemical-validation/part3/3c/d2-map/fecl-tpp-d2map/results/reference/plot-data/per-geometry-descriptors.csv
Fe-TPP-Cl,192,0.00015140170899337782,03-chemical-validation/part3/3c/d2-map/fecl-tpp-d2map/results/reference/plot-data/per-geometry-descriptors.csv
Fe-TPP-Cl,193,0.0001527207022419616,03-chemical-validation/part3/3c/d2-map/fecl-tpp-d2map/results/reference/plot-data/per-geometry-descriptors.csv
Fe-TPP-Cl,194,0.00015407239837995045,03-chemical-validation/part3/3c/d2-map/fecl-tpp-d2map/results/reference/plot-data/per-geometry-descriptors.csv
Fe-TPP-Cl,195,0.00015050639680791098,03-chemical-validation/part3/3c/d2-map/fecl-tpp-d2map/results/reference/plot-data/per-geometry-descriptors.csv
Fe-TPP-Cl,196,0.00014246265606354292,03-chemical-validation/part3/3c/d2-map/fecl-tpp-d2map/results/reference/plot-data/per-geometry-descriptors.csv
Fe-TPP-Cl,197,0.0001385799758783087,03-chemical-validation/part3/3c/d2-map/fecl-tpp-d2map/results/reference/plot-data/per-geometry-descriptors.csv
Fe-TPP-Cl,198,0.00013702708712825986,03-chemical-validation/part3/3c/d2-map/fecl-tpp-d2map/results/reference/plot-data/per-geometry-descriptors.csv
Fe-TPP-Cl,199,0.0001333857542030418,03-chemical-validation/part3/3c/d2-map/fecl-tpp-d2map/results/reference/plot-data/per-geometry-descriptors.csv
Fe-TPP-Cl,200,0.00012578719743326687,03-chemical-validation/part3/3c/d2-map/fecl-tpp-d2map/results/reference/plot-data/per-geometry-descriptors.csv
Fe-TPP-Cl,201,0.00011623492893060016,03-chemical-validation/part3/3c/d2-map/fecl-tpp-d2map/results/reference/plot-data/per-geometry-descriptors.csv
Fe-TPP-Cl,202,0.00011599757679873124,03-chemical-validation/part3/3c/d2-map/fecl-tpp-d2map/results/reference/plot-data/per-geometry-descriptors.csv
Fe-TPP-Cl,203,0.00011419229363744972,03-chemical-validation/part3/3c/d2-map/fecl-tpp-d2map/results/reference/plot-data/per-geometry-descriptors.csv
Fe-TPP-Cl,204,0.00011305029587151248,03-chemical-validation/part3/3c/d2-map/fecl-tpp-d2map/results/reference/plot-data/per-geometry-descriptors.csv
Fe-TPP-Cl,205,0.00010691321977645985,03-chemical-validation/part3/3c/d2-map/fecl-tpp-d2map/results/reference/plot-data/per-geometry-descriptors.csv
Fe-TPP-Cl,206,0.00010355865064658023,03-chemical-validation/part3/3c/d2-map/fecl-tpp-d2map/results/reference/plot-data/per-geometry-descriptors.csv
Fe-TPP-Cl,207,9.776791225599537e-05,03-chemical-validation/part3/3c/d2-map/fecl-tpp-d2map/results/reference/plot-data/per-geometry-descriptors.csv
Fe-TPP-Cl,208,0.00010003561366552818,03-chemical-validation/part3/3c/d2-map/fecl-tpp-d2map/results/reference/plot-data/per-geometry-descriptors.csv
Fe-TPP-Cl,209,9.625959196609442e-05,03-chemical-validation/part3/3c/d2-map/fecl-tpp-d2map/results/reference/plot-data/per-geometry-descriptors.csv
Fe-TPP-Cl,210,9.175126953393537e-05,03-chemical-validation/part3/3c/d2-map/fecl-tpp-d2map/results/reference/plot-data/per-geometry-descriptors.csv
Fe-TPP-Cl,211,9.00816315230177e-05,03-chemical-validation/part3/3c/d2-map/fecl-tpp-d2map/results/reference/plot-data/per-geometry-descriptors.csv
Fe-TPP-Cl,212,8.856235634066016e-05,03-chemical-validation/part3/3c/d2-map/fecl-tpp-d2map/results/reference/plot-data/per-geometry-descriptors.csv
Fe-TPP-Cl,213,8.422431698989879e-05,03-chemical-validation/part3/3c/d2-map/fecl-tpp-d2map/results/reference/plot-data/per-geometry-descriptors.csv
Fe-TPP-Cl,214,8.197920896264212e-05,03-chemical-validation/part3/3c/d2-map/fecl-tpp-d2map/results/reference/plot-data/per-geometry-descriptors.csv
Fe-TPP-Cl,215,7.841993531751935e-05,03-chemical-validation/part3/3c/d2-map/fecl-tpp-d2map/results/reference/plot-data/per-geometry-descriptors.csv
Fe-TPP-Cl,216,7.720111243922133e-05,03-chemical-validation/part3/3c/d2-map/fecl-tpp-d2map/results/reference/plot-data/per-geometry-descriptors.csv
Fe-TPP-Cl,217,7.617207185987579e-05,03-chemical-validation/part3/3c/d2-map/fecl-tpp-d2map/results/reference/plot-data/per-geometry-descriptors.csv
Fe-TPP-Cl,218,7.004993372588018e-05,03-chemical-validation/part3/3c/d2-map/fecl-tpp-d2map/results/reference/plot-data/per-geometry-descriptors.csv
Fe-TPP-Cl,219,6.768835763503107e-05,03-chemical-validation/part3/3c/d2-map/fecl-tpp-d2map/results/reference/plot-data/per-geometry-descriptors.csv
Fe-TPP-Cl,220,6.677267774912675e-05,03-chemical-validation/part3/3c/d2-map/fecl-tpp-d2map/results/reference/plot-data/per-geometry-descriptors.csv
Fe-TPP-Cl,221,6.385400745280982e-05,03-chemical-validation/part3/3c/d2-map/fecl-tpp-d2map/results/reference/plot-data/per-geometry-descriptors.csv
Fe-TPP-Cl,222,6.336222142791024e-05,03-chemical-validation/part3/3c/d2-map/fecl-tpp-d2map/results/reference/plot-data/per-geometry-descriptors.csv
Fe-TPP-Cl,223,6.256732400096518e-05,03-chemical-validation/part3/3c/d2-map/fecl-tpp-d2map/results/reference/plot-data/per-geometry-descriptors.csv
Fe-TPP-Cl,224,6.211570260618132e-05,03-chemical-validation/part3/3c/d2-map/fecl-tpp-d2map/results/reference/plot-data/per-geometry-descriptors.csv
Fe-TPP-Cl,225,5.634219767596589e-05,03-chemical-validation/part3/3c/d2-map/fecl-tpp-d2map/results/reference/plot-data/per-geometry-descriptors.csv
Fe-TPP-Cl,226,5.148452830255963e-05,03-chemical-validation/part3/3c/d2-map/fecl-tpp-d2map/results/reference/plot-data/per-geometry-descriptors.csv
Fe-TPP-Cl,227,5.1292947021295736e-05,03-chemical-validation/part3/3c/d2-map/fecl-tpp-d2map/results/reference/plot-data/per-geometry-descriptors.csv
Fe-TPP-Cl,228,5.067575431726782e-05,03-chemical-validation/part3/3c/d2-map/fecl-tpp-d2map/results/reference/plot-data/per-geometry-descriptors.csv
Fe-TPP-Cl,229,5.008508097157392e-05,03-chemical-validation/part3/3c/d2-map/fecl-tpp-d2map/results/reference/plot-data/per-geometry-descriptors.csv
Fe-TPP-Cl,230,4.450116620504567e-05,03-chemical-validation/part3/3c/d2-map/fecl-tpp-d2map/results/reference/plot-data/per-geometry-descriptors.csv
Fe-TPP-Cl,231,4.239045490736468e-05,03-chemical-validation/part3/3c/d2-map/fecl-tpp-d2map/results/reference/plot-data/per-geometry-descriptors.csv
Fe-TPP-Cl,232,4.198074814495935e-05,03-chemical-validation/part3/3c/d2-map/fecl-tpp-d2map/results/reference/plot-data/per-geometry-descriptors.csv
Fe-TPP-Cl,233,4.186752192979919e-05,03-chemical-validation/part3/3c/d2-map/fecl-tpp-d2map/results/reference/plot-data/per-geometry-descriptors.csv
Fe-TPP-Cl,234,3.9261873547167655e-05,03-chemical-validation/part3/3c/d2-map/fecl-tpp-d2map/results/reference/plot-data/per-geometry-descriptors.csv
Fe-TPP-Cl,235,3.8495593727514524e-05,03-chemical-validation/part3/3c/d2-map/fecl-tpp-d2map/results/reference/plot-data/per-geometry-descriptors.csv
Fe-TPP-Cl,236,3.7364823342488206e-05,03-chemical-validation/part3/3c/d2-map/fecl-tpp-d2map/results/reference/plot-data/per-geometry-descriptors.csv
Fe-TPP-Cl,237,3.630185478636373e-05,03-chemical-validation/part3/3c/d2-map/fecl-tpp-d2map/results/reference/plot-data/per-geometry-descriptors.csv
Fe-TPP-Cl,238,3.3798653470316484e-05,03-chemical-validation/part3/3c/d2-map/fecl-tpp-d2map/results/reference/plot-data/per-geometry-descriptors.csv
Fe-TPP-Cl,239,3.374035527010764e-05,03-chemical-validation/part3/3c/d2-map/fecl-tpp-d2map/results/reference/plot-data/per-geometry-descriptors.csv
Fe-TPP-Cl,240,3.164787886182315e-05,03-chemical-validation/part3/3c/d2-map/fecl-tpp-d2map/results/reference/plot-data/per-geometry-descriptors.csv
Fe-TPP-Cl,241,3.1047625604010025e-05,03-chemical-validation/part3/3c/d2-map/fecl-tpp-d2map/results/reference/plot-data/per-geometry-descriptors.csv
Fe-TPP-Cl,242,2.940417877650356e-05,03-chemical-validation/part3/3c/d2-map/fecl-tpp-d2map/results/reference/plot-data/per-geometry-descriptors.csv
Fe-TPP-Cl,243,2.7103685167920614e-05,03-chemical-validation/part3/3c/d2-map/fecl-tpp-d2map/results/reference/plot-data/per-geometry-descriptors.csv
Fe-TPP-Cl,244,2.808586837885787e-05,03-chemical-validation/part3/3c/d2-map/fecl-tpp-d2map/results/reference/plot-data/per-geometry-descriptors.csv
Fe-TPP-Cl,245,2.6064868499688548e-05,03-chemical-validation/part3/3c/d2-map/fecl-tpp-d2map/results/reference/plot-data/per-geometry-descriptors.csv
Fe-TPP-Cl,246,2.5095883860283106e-05,03-chemical-validation/part3/3c/d2-map/fecl-tpp-d2map/results/reference/plot-data/per-geometry-descriptors.csv
Fe-TPP-Cl,247,2.482859949582985e-05,03-chemical-validation/part3/3c/d2-map/fecl-tpp-d2map/results/reference/plot-data/per-geometry-descriptors.csv
Fe-TPP-Cl,248,2.452153221273242e-05,03-chemical-validation/part3/3c/d2-map/fecl-tpp-d2map/results/reference/plot-data/per-geometry-descriptors.csv
Fe-TPP-Cl,249,2.422955117240813e-05,03-chemical-validation/part3/3c/d2-map/fecl-tpp-d2map/results/reference/plot-data/per-geometry-descriptors.csv
Fe-TPP-Cl,250,2.295332588961423e-05,03-chemical-validation/part3/3c/d2-map/fecl-tpp-d2map/results/reference/plot-data/per-geometry-descriptors.csv
Fe-TPP-Cl,251,2.1058937464747856e-05,03-chemical-validation/part3/3c/d2-map/fecl-tpp-d2map/results/reference/plot-data/per-geometry-descriptors.csv
Fe-TPP-Cl,252,2.1019051431778944e-05,03-chemical-validation/part3/3c/d2-map/fecl-tpp-d2map/results/reference/plot-data/per-geometry-descriptors.csv
Fe-TPP-Cl,253,2.0793205367869177e-05,03-chemical-validation/part3/3c/d2-map/fecl-tpp-d2map/results/reference/plot-data/per-geometry-descriptors.csv
Fe-TPP-Cl,254,1.7191400400500897e-05,03-chemical-validation/part3/3c/d2-map/fecl-tpp-d2map/results/reference/plot-data/per-geometry-descriptors.csv
Fe-TPP-Cl,255,1.6571238891787524e-05,03-chemical-validation/part3/3c/d2-map/fecl-tpp-d2map/results/reference/plot-data/per-geometry-descriptors.csv
Fe-TPP-Cl,256,1.6282785987070955e-05,03-chemical-validation/part3/3c/d2-map/fecl-tpp-d2map/results/reference/plot-data/per-geometry-descriptors.csv
Fe-TPP-Cl,257,1.530114796303734e-05,03-chemical-validation/part3/3c/d2-map/fecl-tpp-d2map/results/reference/plot-data/per-geometry-descriptors.csv
Fe-TPP-Cl,258,1.526440527911299e-05,03-chemical-validation/part3/3c/d2-map/fecl-tpp-d2map/results/reference/plot-data/per-geometry-descriptors.csv
Fe-TPP-Cl,259,1.616388450781847e-05,03-chemical-validation/part3/3c/d2-map/fecl-tpp-d2map/results/reference/plot-data/per-geometry-descriptors.csv
Fe-TPP-Cl,260,1.5000924330883054e-05,03-chemical-validation/part3/3c/d2-map/fecl-tpp-d2map/results/reference/plot-data/per-geometry-descriptors.csv
Fe-TPP-Cl,261,1.4503187159416749e-05,03-chemical-validation/part3/3c/d2-map/fecl-tpp-d2map/results/reference/plot-data/per-geometry-descriptors.csv
Fe-TPP-Cl,262,1.4412689905481412e-05,03-chemical-validation/part3/3c/d2-map/fecl-tpp-d2map/results/reference/plot-data/per-geometry-descriptors.csv
Fe-TPP-Cl,263,1.4019737669870506e-05,03-chemical-validation/part3/3c/d2-map/fecl-tpp-d2map/results/reference/plot-data/per-geometry-descriptors.csv
