relative_path,sha256,bytes
.DS_Store,a2671bdd390a4eac6d9fa7f5f7387bf45bf1b89bf7981d6668a6c02fb3db8875,12292
.gitignore,bd08d6f83f6de71acdcfc5da8020fb20638d5dd6ac3ba5513dcaa9c3fab51197,532
CHANGELOG.md,a149f84493fb06dc12ec5b86aef0322360f39a9ff1eba3fb0bf105d1de932e0e,822
CITATION.cff,9eb46aa3b116ba35b0036b15e54e4f309436d6a5e849ff9e79e07adb7db79268,536
LICENSE,5710c820e5d455f35ec890a58c64b222d86cdcbfa0744cbc762a1c474eb9793b,1526
LICENSE-DATA,6c9e0c0d11ad11cc0e3cc381d83d6635a90c7fc6ebd221c753d58e0560d0adbe,13019
README.md,fa755807ab8c9fa08adc74fa9690b6dbc2652f613f27569c6fc0499d07646e2a,7420
VERSION,703f5e3e08d7007a269b813f3d8986f6b4b8e4d54cec09c77eb3d6e0b79c96ad,9
code/.DS_Store,7b5ab498bac59448dbb0d47bb74f418234ec1c750e1c5985e7144f5cf7dc4e8e,14340
code/analysis/.DS_Store,e8ce203ac76bdd1e80176f69e48bc3b3e8ff41ef7720033ed1da2997e2f5d51f,8196
code/analysis/README.md,01d3af5953fbecabdfdcfcc1793f7a2e7d6b271c68d346d2f39d283bf5482fc4,331
code/analysis/au_cu/run_case4_analysis.py,f3643dc2d08f4c61fec62208730ebbffc8d8050b54499d6bf846ebd82a330f53,44805
code/analysis/au_cu/run_xtb_crest.py,d476d7dda1f0a59e84acf09bcc5f0b48e521993135b6e255ffdc87a2b3524cbd,5150
code/analysis/cu_nhc/run_part3b.py,0093c438d5868e151feec4e67a44651bf8e4c4b631bde98f0e2c8bc319291803,37632
code/analysis/cu_nhc/run_part3f.py,aa1062efcdce74ef11b553e1fd9898e31cd6407d6de8d1e6c37119c309538843,120310
code/analysis/fe_porphyrin/run_part3c.py,7d3c0483aed20ecef7ddb5251fda301cf10ee2b7ad467c53039848cc353d2421,36409
code/analysis/fe_porphyrin/summarize_part3c_iron_publication.py,0f952c22dde74da152211497fcdbde164ef25e9feeb7f13821ae3508b11f3e82,13132
code/analysis/ru2_solvent_pilot/run_reactive_solvent_contrast.py,1985d88f2a36cdd4516043df71b1cdc444b071399577ad67221ba55b336fc33f,14941
code/analysis/ru2_solvent_pilot/validate_reactive_sampling.py,c73ca9cebd44f06d3542831c21671f12b8305f4b34ff55cafaa9c4f9056058d5,7973
code/d3map/.DS_Store,49876bda7a0095f1515a357d4d73647d8e1652ad467ad363b09754962486a516,8196
code/d3map/CONFIGURATION.md,f273bf4b0aab45245094ea6116746c2bb13371934764b26ed5f47b09db4e753c,2056
code/d3map/FEATURES.md,ace8a8bb0922dd7b78c544c5530e933d66b07e898903585b1b1a1cd9fea44d56,3052
code/d3map/LICENSE,5710c820e5d455f35ec890a58c64b222d86cdcbfa0744cbc762a1c474eb9793b,1526
code/d3map/README.md,cb408d4161ce8d9ade07cef6d561d93d9896ff2c8f281c9843fecc6d2adbac7d,345
code/d3map/THIRD_PARTY.md,270f9d6322840739c9584dd89f534a12ba05023a2929923800134d7654bc0189,783
code/d3map/pyproject.toml,1bb333dc756dc2ec1f7b4a2a69c2ef10ed173127c10642cd44ef1c24be96ca23,1097
code/d3map/src/.DS_Store,be5da172cc90aeed614bad33969308fd5d824ec334dab61ce3d53fc3c8593af0,8196
code/d3map/src/d3map/__init__.py,6866029b9e3d9944871ca490d04f354c8593b245eae2479a114b4a062cebbf2c,483
code/d3map/src/d3map/__main__.py,935a1c1166b0c1ea35a82256345000bf2c73ded718d77773bc27a71ecce28f7d,48
code/d3map/src/d3map/app.py,379d309a62beb5b1fb8865e716b96ceafa8199b0fe37ff6858e932285da41c95,90
code/d3map/src/d3map/cli.py,f8e4cab6c00946dc4195145f70ff9ea783f881e52657c4484a4727efa3032fd5,213
code/d3map/src/d3map/release.py,fb5f95206442bcecdc5172c5edad16206e66ee019d170422a1a422ab3d6c1534,27
code/d3map/src/dmap/__init__.py,5cf5e2f8a2685e572fd2a4d35e555260223dc31ee9b1e0a72b7220e85802b756,3955
code/d3map/src/dmap/__main__.py,935a1c1166b0c1ea35a82256345000bf2c73ded718d77773bc27a71ecce28f7d,48
code/d3map/src/dmap/_version.py,8b00e2d13533e3948c60896c844021f943deaea21eee7c546af6cb630120491f,25
code/d3map/src/dmap/alignment.py,bcf8a6bb2f75aebd63bcb8dd134da60494706e1715a0afc9f4673f0646181362,3097
code/d3map/src/dmap/angular.py,ca03bbad79c3d27d002af7847f73b6406e6696380d8779d312259028ae3d2938,2468
code/d3map/src/dmap/app.py,7c712efcbc91effe3fbc7379793dcb16bebd7769bdc100783184a1d07978bdff,15882
code/d3map/src/dmap/artifacts.py,10a7f037f328d6fecff604e109b4db2723ec4cc3707ea1bfc001de5ffd280794,15272
code/d3map/src/dmap/axial.py,0c9263856ba00ca1b05c369d0ccfaa2320b2a0c12c137aa8db40869f217acfc3,7317
code/d3map/src/dmap/chemistry.py,49c29a723ca4a7bed38e87c8cca70094c9a9b74fac6485bd361980002ad3f277,10788
code/d3map/src/dmap/cli.py,8f315a1498d594f8513a24b0db8d4a26369f6691905711b3d07342bdd9b2796b,12847
code/d3map/src/dmap/convergence.py,5c1512c92b2f6ab4771ccd41174b0156db88bcf20fd4e76fe4bf42a898441b46,4309
code/d3map/src/dmap/errors.py,720e5bb99ea69bb92315f7b9e0b8bf1b0023c5a3cbecd91c8f5811a99486c14b,203
code/d3map/src/dmap/features.py,e3573ebdd529b6c5b80f6971244e7ef976fefd65f758fc8ee9ca3bf70cb9f1b9,7580
code/d3map/src/dmap/inorganic.py,23331d31cd676f8a764f8918a1444e764fb79922dcf053f9ca87f8343af4ad66,4288
code/d3map/src/dmap/io.py,18b28d4f9b91ea57b8de586b36260801c546b2ab51e4869892b495a9f43e7d31,3055
code/d3map/src/dmap/ml.py,d17df98d9a3fc178066be753d7ea2f9dd99329b10cec627a82d0a0e4fb09edcd,8503
code/d3map/src/dmap/models.py,a142b1e2b39649eab1d1a92e3f658dad8e6d83a46c9a4d1c3c4837dae26e1ee7,5036
code/d3map/src/dmap/populations.py,aa6bdd9d5c52787dbc2defcd2c703d76b31624a643b55dbbacd239e9a8513d8f,2275
code/d3map/src/dmap/probability_v2.py,fed83b078249b86fc22c1dc2ea7641c2c2e32f912966190d7e584e1b41d5dffd,28452
code/d3map/src/dmap/project.py,65c954325564971854616320a26f138856c316ce3f2f90623c057551a9db70b4,43030
code/d3map/src/dmap/radii.py,601e1c0cc972a54f27838210f31552afc6269c1b299839b71aeba52789319651,2117
code/d3map/src/dmap/refinement.py,84db2ea588f14189894355368c671b0978d708c96c4f3066b3baa26d1d67d8f4,2934
code/d3map/src/dmap/release.py,4862e96286d826d051c24a1389cd31713ead9b91793ba8899c92b36922620130,43183
code/d3map/src/dmap/reporting.py,417adf51c5b507eda2b6bb283229a88a1c8503e4bd87f4c3db0382f2de073ba5,40695
code/d3map/src/dmap/sampling.py,3befab63b6bb76784edfd38af03583aa8ecabf903c4ad91a92458cb6e8fb177c,17912
code/d3map/src/dmap/static.py,fc766df63c282a8c45645ec71802bbdce3fad3c383e9ad0e13a64ae643688867,11400
code/d3map/src/dmap/ui.py,e358a04518bbd7fb448e386760fe18c4ea3aab425fa455e52e46e56c1ab301da,3462
code/d3map/src/dmap/upgrade_v2.py,e534a74821dc505d307ed19ff91241120499d64cfbb3daf17105fc3b6fc21f7d,12924
code/d3map/src/dmap/workflow.py,cf807bbf59d22ed639be33f7724e1273b1aac054d6e4a012d799240c4f16e1d4,8041
code/modelling/README.md,35f8381047982c78260b2cb0c8300b3ec31a7ff088ccc1ea47121d0231717ccd,308
code/modelling/fit_3d_bayesian_anion_models.py,86f201e8ad290d772ab7f05100f8fc9803835c7c8793769eb33cd44e60fe4491,29711
code/modelling/fit_part3f_traditional_vs_dynamic.py,2ec052292125c18afddaaa3eaafd4ef99d88e750011551389b45e9b9efbc697a,19243
code/modelling/generate_case4_traditional_descriptors.py,3b5cd8e5ece51f2eb050dc2572022de042cffec165052dda9593791aea9e95df,9917
code/modelling/metrics.py,c15d4b9eb543f5e5bcacf5863321d282ae3bbc43844aeb8ec22ee9eb88b08bf4,918
code/modelling/report_fixed_subset_comparison.py,39bf4006c96ea21d9158779b8c5b442749860b9f5e50af85ce46cc1de54ab9e6,5400
code/modelling/reproduce_intercept_controls.py,b35636b234b4c9956e4f3a71bae3619aafcabd432d7c0d85b1dcf657ac92487a,2309
code/modelling/run_full_pool_nested_loo.py,244edc3b92fd305f7cbebd94b45fb4bc4791f3c812991d63272cfea6ba6e581a,10272
configuration/atom-maps/3b-structure-manifest.json,0677cec7b8e8eff4a5fbcf4527a974c8200c7d7da34c11777aaf2c7453c4d1da,4038
configuration/atom-maps/3c-structure-manifest.json,4701f18d166f35090addb097bfc120f73a4c311659ec9f81b676e2d672d36b2d,1551
configuration/atom-maps/3f-structure-manifest.json,f3f0ce9c191d81a7c9c2c04e8235509acf70f340e15bb1b714131d125b1e4159,3853
configuration/atom-maps/README.md,ad991ea40d5bd9c53fcd3d1c072013aad59205192ef00b134190258d8c969cb7,180
configuration/atom-maps/au-cu/35-di-tBu-benzoate.atom-map.csv,6cf6adfa4a0deceb782f9e5b7079118efba956dfc764700a0ba4dac507b7fb9d,5208
configuration/atom-maps/au-cu/benzoate.atom-map.csv,6b5fe97564c722180630586b7009e4c4ff130efbb690ad18bb0561333b6f9bd1,4288
configuration/atom-maps/au-cu/para-CF3-benzoate.atom-map.csv,dd4d19c15aaaa4a6985ca70bf0f6d343cb394691fa051d40388ec4dca5ac8e88,4344
configuration/atom-maps/au-cu/para-OMe-benzoate.atom-map.csv,49743eb479ae756c275542a621e65d972a32c9670a7185dcbbd3959cda6fd6a0,4370
configuration/atom-maps/au-cu/para-tBu-benzoate.atom-map.csv,f67c116b92929b38906a35ff78a80b85e2378b6db048432882198709327159d1,4748
configuration/atom-maps/au-cu/phenylacetate.atom-map.csv,0c0b683893f5dc3874aed7bd4bbfc151258367c1b4d7b5a1bc3ea553f8ba50c6,4397
configuration/atom-maps/au-cu/pivalate.atom-map.csv,d3163a114bc6a98e613a8f3e1e2d535e572c560b37060e1bb081ee0db1a58c25,4318
configuration/atom-masks/README.md,1da2284ce06f600e8d3eee92162ad975d71f74bec5b460650e2dd61ef2c79398,243
configuration/atom-masks/atom-masks.json,cba3db2495143546c4f67f598cdf148ba7c69e34a491e5a5d04e26440e9c91f0,31937
configuration/descriptor-bins/README.md,c9678e3cfe16fd8b6bbae8571d95eb6deee79a66079eb07da06db482e4f27444,392
configuration/descriptor-bins/au-cu-feature-definitions.json,7268bfc49c011d497f6f50b1e729bce2ea8af803bb2ac600d38437dfa56e6788,34158
configuration/descriptor-bins/conventional-15-descriptor-definition.json,de7eae550e67d561a6976a208eaef81e41113fd1c11ac995fafcc8319e4faffb,5744
configuration/descriptor-bins/cu-nhc-feature-definitions.json,96e30c53db6c2fa9c8f070a98a1e7b6411720d4cf9e05a142977be0d7ec5d4e2,31842
configuration/descriptor-bins/feature-sets.json,432bad71519761bbf4d7f645cfdfcf31a36266a3e97574f3d78f08ebc80f2701,14612
configuration/grids/README.md,5dea59746c1ef3c5303c3dfe1b6840a88bfc3f2c4833e695fd930c7c57303d46,250
configuration/grids/recorded-map-profiles.json,57c39dea04ef58a54de93894fb5b3d11420f830155e6edc17f1b7966cfd5c4b0,1525
configuration/radii/README.md,3973d16244ddbfb0df48c1ef77f29f11e200c5a6873f7fcfc91b9aaeb034b754,235
configuration/radii/dmap_radii_source.py,601e1c0cc972a54f27838210f31552afc6269c1b299839b71aeba52789319651,2117
configuration/radii/radius-profiles.json,846bef329b318a13a6b1d9a3fdb07c2c8778d4d6d051ec83a8ef10f68c3c2afd,1979
configuration/radii/static_radii_source.py,128c78568f35f849bb5b1a963750e02df33327bb49e4824c31dcc56ab8941f86,3205
configuration/run-manifests/README.md,b21fd11732e6cbd540dc23df1e05028cb7b5af01b0582c1b94247fd20fc26d1a,491
configuration/run-manifests/au-cu-sampling-source-manifest.json,17525c50ddf0bf1e4a7cb3d5f57fb1959ff675d3a013af09eba5c1b78031971c,10523
configuration/run-manifests/fe-porphyrin-source-run-manifest.json,0cd6bc4d0908aca89390418d4e83fa07c3bff25bb3d30f75118489e7bc38fe82,2237
configuration/run-manifests/published-ru-I-source-manifest.json,6fb7f6b2524bffd0acc818445303049207c2199a568a1ad59c7c531136df68fe,29204
configuration/run-manifests/published-ru-II-source-manifest.json,969ae3fb990cb65d30dfda3d729ac2e870d3c064e73064013819aecbfa5f350f,29204
configuration/run-manifests/published-ru-III-source-manifest.json,bbd54fb1aa03489aa05dacfb51dbf778d13e899c014f9b993266e1494042acb8,29204
configuration/run-manifests/published-ru-stage-a-manifest.json,e6637f420b1297d5f21255602a089fe31f708e11796cdeba45a2d9d1e682fd25,3029
configuration/run-manifests/repository-manifest.json,4dbab71ab35c928c80eaf7c5c75d2af1c1c5a2ab592e01f88a9202c4befac80a,2939
configuration/run-manifests/ru2-solvent-pilot-source-manifest.json,d71a5fcc27e2ab8950213b7636bd519a3cb3cf772a03e1a22b8ef641d8fec767,11623
data/.DS_Store,eeb2fb3f2a37e1a2f037af48c67d060f0491f996f7c967821107b6d404905597,8196
data/au-cu/README.md,2d86d8683ce0293f629a8d2ad8dbe86a569e70aa99f5e6af2a241858d2736c63,404
data/au-cu/benzoate-trajectory-source-manifest.json,cd42ca8e6b84d4066e59f9a728bda2dc651123a8040027ddbb83cb7b98fcd723,1086
data/au-cu/common-core-reference-provenance.json,975c53f48e84ac2b79357bef25ce8e51c232d26f69b50d39b4065f9ed42528ad,2483
data/au-cu/energies.csv,ae4790507914586b10ef41bdce4428da805b44c45337d7914fae610db03542db,24406
data/au-cu/experimental-outcomes.csv,a5c3f47d9c135c5d832c7a97cddf3ef8cf9599d56c506f217f8dd4f5aa64070e,211
data/au-cu/input-structures/35-di-tBu-benzoate.xyz,a1a8fa74a7a0198f5158bc5846be06d8c0f72333773408b10d4eace9176c5d5e,6151
data/au-cu/input-structures/benzoate.xyz,30cbb4f095e6d00c30e9adb0b0e6ccb7448d777cf13667ae4dffd828cef5491b,5399
data/au-cu/input-structures/common-core-R-H-reference.xyz,ac4198bb6641e6740e7369778f5d576618f73d899ad8368333cf004a18327115,7561
data/au-cu/input-structures/para-CF3-benzoate.xyz,32c7d0ecf27fc9139a048eed43a8777d211599a3663e8960ed0fd342aad419a2,5500
data/au-cu/input-structures/para-OMe-benzoate.xyz,521220cf9d461c507b53935cb0dc4160fa0c7ea1289c01bb3193c786079b044f,5529
data/au-cu/input-structures/para-tBu-benzoate.xyz,74641e0d5a6a6e139c40aed9e7880aaf6557a3ddabab598c1cfaa57617c2c5bf,5777
data/au-cu/input-structures/phenylacetate.xyz,de0562d4d8a188aca08a4b106cd501cf3b2b0292fca2ec14786ad4f3a4c54a6b,5488
data/au-cu/input-structures/pivalate.xyz,67bf481e8332c373e1c1c08b9cdc7c38962d0d495f4cbb3bfb87d07334cf3ae3,5459
data/au-cu/manifest.json,f57a6073e7000af3440f614b8205a947a8077c15d2a1c5910304c245f0b50772,659
data/au-cu/quarantined-frames.csv,a6098fef0d6719d75228d9b04b682c3dbca7770034c8936081c5ee53ac5e90b1,185
data/au-cu/retained-frames.csv,43657720b79b11228af187149ca25f7878c0332ea4d4aeb38755e3df546c05e8,22321
data/au-cu/retained-structures/35-di-tBu-benzoate-aligned-ensemble.xyz,722c53f8e6380f9b8ddc244e9295edbe93774b0c68afff4f3693076a725f21fa,262323
data/au-cu/retained-structures/35-di-tBu-benzoate-preoptimized.xyz,c1618f83aa2eb9445809221084672d2529486172a8672f01c30cf987792df104,15362
data/au-cu/retained-structures/benzoate-aligned-ensemble.xyz,14794db87b3d54ccc1863739e4612da3abcd02fa5e2b8be94c3c74b446b485d5,230222
data/au-cu/retained-structures/benzoate-preoptimized.xyz,8bed5cd70b7f6a3f0ef606ec29af3dda48b7cee7d7ce4fd91cdd1485a74e53fb,13490
data/au-cu/retained-structures/common-core-R-H-reference-aligned-ensemble.xyz,e6dc3a526e511434cbdf73ffefb47d4b32941a239f0bb99a8e24aaacfd362229,254277
data/au-cu/retained-structures/common-core-R-H-reference-preoptimized.xyz,bdd08a67e3b61e3a92adc421b219e76dd1b1e283e322cc226874889901dae7d4,12710
data/au-cu/retained-structures/para-CF3-benzoate-aligned-ensemble.xyz,ae74bdaf27dcc74b0d0e3f82e3631753391cc47581c812d0fed7699b2f1c6306,508866
data/au-cu/retained-structures/para-CF3-benzoate-preoptimized.xyz,f3fbd6d6181147f5d3a8be0bc694570f01adee065a9a545f85c4d7c20829e20c,13724
data/au-cu/retained-structures/para-OMe-benzoate-aligned-ensemble.xyz,fbb0f39534289e1eb2bd380610374af1c78ddc2327208fcd5faf3796e0dc9dfb,389963
data/au-cu/retained-structures/para-OMe-benzoate-preoptimized.xyz,f2b18d2e13148d0c240557966179f2ac3a8d7c57d1b1a84704364be9faded8e7,13802
data/au-cu/retained-structures/para-tBu-benzoate-aligned-ensemble.xyz,b24aa29c8b35e1baadbb62c034d0b89889b13ce336c6ce12517350438d285717,636876
data/au-cu/retained-structures/para-tBu-benzoate-preoptimized.xyz,68336d82a222b2c499d98540bc00d719b4ae895298e68bfbff928e6c311f9310,14426
data/au-cu/retained-structures/phenylacetate-aligned-ensemble.xyz,3eb32b2bc4fae1ed517ee900bfabf43e00571354376d1850c5a64507fc2e58cc,266547
data/au-cu/retained-structures/phenylacetate-preoptimized.xyz,23932d8277c46f1f4392b3cf41c99c3551367f66410de6912db7129b78f0cfe4,13724
data/au-cu/retained-structures/pivalate-aligned-ensemble.xyz,cf5df12c7d05032fb79948d66691eaecb9ce856551fde6a4c370ce715e1636cd,273047
data/au-cu/retained-structures/pivalate-preoptimized.xyz,db4efc647e2ff21e6ee6e431a639029c2f08dd2ce0978020bfe4bf1ef545efec,13646
data/au-cu/sampling-inputs/35-di-tBu-benzoate/project.d3map.json,90c494f9d1c001c8149a897b47085feb65ddda73b1113c6dd440bc8af01d9cbf,4222
data/au-cu/sampling-inputs/35-di-tBu-benzoate/raw-trajectory.trj,c17f7a0fe83af271ad775035f40261da47fa1a29b666868e4190af5995d52e31,1613010
data/au-cu/sampling-inputs/benzoate/project.d3map.json,ec948eb2a59fe83b594960ec908f10195d3fb627111d0fcdcd5dcea75940d38a,4108
data/au-cu/sampling-inputs/benzoate/raw-trajectory.trj,b9249cf775e244f1ffa0e29bc37aaa67e1d4f7d30337b35fc03ae8777c5ce38f,1416450
data/au-cu/sampling-inputs/common-core-R-H-reference/project.d3map.json,f6a7ca88ab048935afe4e2bf7ff07b7dc17d53a276f6dfd88479a75e3c787461,4046
data/au-cu/sampling-inputs/common-core-R-H-reference/raw-trajectory.trj,05d5573095aee488f80ab7ccfb32f6ee349d69c5ca6bb83d561859539aa43e93,736020
data/au-cu/sampling-inputs/para-CF3-benzoate/project.d3map.json,8f7c9b43faede63cde86514fccab70ba548eb27ddb31f344f66d1a6ed382b8c2,4170
data/au-cu/sampling-inputs/para-CF3-benzoate/raw-trajectory.trj,2aed4cdd0942ebeea4f5a54c221b3c310a0fc62239b809e28503ae9bd724d408,1441020
data/au-cu/sampling-inputs/para-OMe-benzoate/project.d3map.json,ec52cb4785ce21b2cf56cd400f8ae566d476bfa48160dfb878a23996f6de24fb,4140
data/au-cu/sampling-inputs/para-OMe-benzoate/raw-trajectory.trj,ad2612d2705ebdf4a2d6108d3ec48a9724ad6587d0e0b5791acfd61109255d3d,1449210
data/au-cu/sampling-inputs/para-tBu-benzoate/project.d3map.json,fc5363c29450463fe8c8c9f1a84830194acb0530e9ed54759e16c1080f345e4c,4170
data/au-cu/sampling-inputs/para-tBu-benzoate/raw-trajectory.trj,b444ae479df866608191915a353b8e80ca922648c9139b8aa30e44316e04d20f,1514730
data/au-cu/sampling-inputs/phenylacetate/project.d3map.json,b2c58ef56701c1d1f28499a2b3b176bc2bbd937364f1982a1d69d3f9424d472d,4126
data/au-cu/sampling-inputs/phenylacetate/raw-trajectory.trj,a106c9bd6fafa8fb72c0160ae0bac9531be24b18b73238b14dda1fb3c9652c74,1441020
data/au-cu/sampling-inputs/pivalate/project.d3map.json,574f0c5790dedf9a20714239c9bb8625574276fc2a4d17ab29d906cfe5bb1b12,4081
data/au-cu/sampling-inputs/pivalate/raw-trajectory.trj,522b568efbc9ee86dd827bc3f4642ab4b5f60ca1dc20abf1a03549502576fcfa,1432830
data/au-cu/source-full-complexes-manifest.json,2a976ff857a908dbd3b3df1a8d61e34b90ff6de7794f8653334b6c8553e95a6c,8175
data/au-cu/source-structure-manifest.json,1a6b5b61209b128ffa0a97f4b9f8928f753026a592d1eeeb93ee43a687ce7d61,2821
data/au-cu/weights.csv,afd55f4c0b409f9e7ba62d9a753c3691da069272e91817fadedc43e0bddac4df,35103
data/cu-nhc/README.md,5346ead85c24b2ef3d630eb54d882c1ca6efd9609f47cdb2272032077754862a,406
data/cu-nhc/energies.csv,cbbf2b0f7d584e71fbb3e2c13a4af952dfe60cf40e2049baa51fe3f4809b5ccd,38
data/cu-nhc/experimental-yields.csv,ffd7ca97c13c6874912c6065a0d0209d306817493bc917783086cd412c288382,327
data/cu-nhc/input-structures/3a.xyz,71cf364cfa08a3eb9d6840ea8aa0aeda04c4b88ca5738a7b62039abaa753cbb4,3152
data/cu-nhc/input-structures/3b-anti.xyz,0004a39cbe3b476954ac0cb031c7e0d47675ec364b2abfcdbe8aa83bf4dcf1f7,2738
data/cu-nhc/input-structures/3b-syn.xyz,8e1fbd22a521462babcc1010aad7d17b212e48bbd73a5dab58c95a6066bc2ea8,2738
data/cu-nhc/input-structures/3c.xyz,29c7571bf61cfb747bbf071b7e19b7fe742bfc651849687432ef81dc5ba055bb,2738
data/cu-nhc/input-structures/3d.xyz,8777a48d324df36ba8bf10c2d013ef0e29d7c5b122d017dafff6ea7853a2331e,2876
data/cu-nhc/input-structures/3e.xyz,ccfa2395c966e321438a25a6a0d1868ec3bbc382633240f12e6522c711ca20f8,2343
data/cu-nhc/input-structures/IMes.xyz,85af1e08c26cf5edea166ff8d06d0248ad2b454ede573ea6e5330d424e46b2ef,2214
data/cu-nhc/input-structures/IPr.xyz,c2bf8eeecb234296425213783a3cdc4b48c74a7abe8b1c3f5dd166526aaa5bd7,3133
data/cu-nhc/manifest.json,1e6aeba3bcf0a68c337fc79bfcb4b4e7fdef274faa258e6c52a5249df8aa8eb7,631
data/cu-nhc/retained-structures/3a.xyz,3d752aaec2e8d95bb60718a61cf72078bcadbec6bb49badee081928d6d0adab5,18642
data/cu-nhc/retained-structures/3b-anti.xyz,f33a9377537ba36afaf324d47a52d234561a4e7f40f2e3d566912264193d612b,16158
data/cu-nhc/retained-structures/3b-syn.xyz,6f972872d1dc5734a88d214bf4606d280322c7493ee6ebf314d6f386a121c593,16158
data/cu-nhc/retained-structures/3c.xyz,52a06082f2ddc7070150f14364da778c76e7d3d2257ef5fb220dbf325c610cdf,10772
data/cu-nhc/retained-structures/3d.xyz,8d0953674f0450cfbb2fedab60ed47706183f08773f2dd22c4da6a0eb4956ded,16986
data/cu-nhc/retained-structures/3e.xyz,0216a513c0655459215239c05b3aeb4de6189d44d0c041f61bf6acc98334cc1f,16275
data/cu-nhc/retained-structures/IMes.xyz,b4291c37031082eaf3410215eace3abe720dea7eca83b187e197a0ede2c0d3bf,19683
data/cu-nhc/retained-structures/IPr.xyz,6f78b33e2b4b9f2ccaa97f2e70e4682f6924e4edad6341ff3fc9dd0b634c84cf,15535
data/cu-nhc/sampling-inputs/3a/project.d3map.json,2c5fb88bbb86e309b4847c95c202cfd0768cb3b4ae53f479f4aafc4c23408490,3627
data/cu-nhc/sampling-inputs/3b-anti/project.d3map.json,7300d337ff8b2f51b9befc13108f526ee9b5260cd842762e5fa25d9f4a4ff813,3596
data/cu-nhc/sampling-inputs/3b-syn/project.d3map.json,e36b6a4cdef934f5f111f95728b399a22ae59eb907f8ca1d851eba080a851cba,3595
data/cu-nhc/sampling-inputs/3c/project.d3map.json,25ba7c6c075ed42bb1f1ad4ffc698f3e16c041cbcf7fa2c235595547bb2634b5,3591
data/cu-nhc/sampling-inputs/3d/project.d3map.json,bc46673662a86d87914235245a2d6f3019068e93eba79b13ab7b3fa0dbd98577,3603
data/cu-nhc/sampling-inputs/3e/project.d3map.json,01ad0b290d7ccad972efaee15b7a539be4c5949a7a21502fc1343264bfbd10c3,3343
data/cu-nhc/sampling-inputs/IMes/project.d3map.json,1aec8016b8f257fb9c12352c5d1cbe6cc479da52e380d0c2e6f8cec5621e124c,3333
data/cu-nhc/sampling-inputs/IPr/project.d3map.json,464a44ed4b62119bd7bac4989bb18a02823e366852a4c5b7bec8807c9e914f06,3405
data/cu-nhc/weights.csv,784849fb22035d992f1196c1082dad5132a550a92cbf896aef71640731dcc3bf,14737
data/fe-porphyrin/README.md,07eb679ccdc97fce13b503f8be8fcf842ece057b1ed3b699112a0569a323e474,411
data/fe-porphyrin/energies.csv,83f24d44a3104b98117f674835fd3d045d50bc3f5659d2a7b323db1e8ce505e0,50072
data/fe-porphyrin/input-structures/Fe-TDCPP-Cl.xyz,d38acf10efdbf4a0cff49d78bed0efb17d2d484bb30cea7f65c90bd163cd1036,3682
data/fe-porphyrin/input-structures/Fe-TMP-Cl.xyz,0bb2ded7311ca91807261c9b6c25285d9c38355be06d80bb69c25b52ba02d56d,5337
data/fe-porphyrin/input-structures/Fe-TPP-Cl.xyz,ad258ea13e25b4e564b4af51e96787861d0e728ae4b8bd40d25fe0284671d285,3680
data/fe-porphyrin/manifest.json,8dfe49f2613026237b2f61bcf0bb8f46417f50381ec6972568002beb405f80ab,956
data/fe-porphyrin/retained-structures/Fe-TDCPP-Cl-aligned.xyz,adb779243d8cc3b7ca0f767dae2431966131e8309ef89f3c45f8501252b6f3f3,303567
data/fe-porphyrin/retained-structures/Fe-TMP-Cl-aligned.xyz,1ad7c1646cb409b29f6cdcc8225b0fd990bc8bd851567c155bac6dd2a5544b2e,1112284
data/fe-porphyrin/retained-structures/Fe-TPP-Cl-aligned.xyz,56aebda8380518ebd8b8151a73f9732eb5c186f951b3a7a6acffd62066418af4,950637
data/fe-porphyrin/sampling-inputs/Fe-TDCPP-Cl/constraints.inp,22c6db47ee05aa88b91e945f08c2263c1e797365ecd3decdafdbd57de69cf958,191
data/fe-porphyrin/sampling-inputs/Fe-TDCPP-Cl/crest.energies,833c24b7d7153c27b90dc72e701f0c551e7ff002c0f3308f1b84ad1a8fdc09c9,3812
data/fe-porphyrin/sampling-inputs/Fe-TDCPP-Cl/crest_conformers.xyz,e5d769036a105a32a58e0bd0d6f60ae7d535ea2d951ff2b5e165265578d09e7f,998816
data/fe-porphyrin/sampling-inputs/Fe-TDCPP-Cl/input.xyz,d38acf10efdbf4a0cff49d78bed0efb17d2d484bb30cea7f65c90bd163cd1036,3682
data/fe-porphyrin/sampling-inputs/Fe-TDCPP-Cl/preoptimized.xyz,9d86c449fa07900927c80168df89168e9ae2ec9ee045d7bbef0cab2addea2699,6157
data/fe-porphyrin/sampling-inputs/Fe-TDCPP-Cl/project.d3map.json,d25731d91d77486dc7c0818a56a1df2c556d2d0573c0734807add517881d0697,3311
data/fe-porphyrin/sampling-inputs/Fe-TDCPP-Cl/xtb-preopt.log,0c3a9c7473c412e97a9394e6de822bcee33627b7ad09fc4fffa56ccb01f0b305,187936
data/fe-porphyrin/sampling-inputs/Fe-TMP-Cl/constraints.inp,f87c8c5ab464485d9899ff91a4da9086b181a9bfd35e624efd976139ca13a1e6,192
data/fe-porphyrin/sampling-inputs/Fe-TMP-Cl/crest.energies,240a2ccdd36eb145a4b04ccd8ac2072b8d642da0a3a64044cc87bff9c6fc1e0f,4112
data/fe-porphyrin/sampling-inputs/Fe-TMP-Cl/crest_conformers.xyz,e1120a6b10b2c5b69e950686104b8ee2d84d1632b66c24b1ec9de50182bc4a72,1569207
data/fe-porphyrin/sampling-inputs/Fe-TMP-Cl/input.xyz,0bb2ded7311ca91807261c9b6c25285d9c38355be06d80bb69c25b52ba02d56d,5337
data/fe-porphyrin/sampling-inputs/Fe-TMP-Cl/preoptimized.xyz,efad116174e9e8a8339b14d0567665087e3b5cfa756e1efd649d9605e6e53582,8966
data/fe-porphyrin/sampling-inputs/Fe-TMP-Cl/project.d3map.json,20d4ea4eb4c1f71bf39124c0843d8450cdfdf618361ecda52a1f94acf4bbbca3,3376
data/fe-porphyrin/sampling-inputs/Fe-TMP-Cl/xtb-preopt.log,c80d2de54f3f92ced339f6d61f0a412b72ea395adcc3b678369298f6c0cad965,258114
data/fe-porphyrin/sampling-inputs/Fe-TPP-Cl/constraints.inp,10e4643cbb3d46607e55e41a29a5d31c91c5c9967ac101dc4de167eebd693199,191
data/fe-porphyrin/sampling-inputs/Fe-TPP-Cl/crest.energies,19737b58c4f1b50cd0a81173e3dfe2ddb871d56cca028cd70a2f0d951202176c,5152
data/fe-porphyrin/sampling-inputs/Fe-TPP-Cl/crest_conformers.xyz,33ec197adda2ce28c5271eb603bb8ec402fc0f7fe4e20f44c995175181e621a9,1340248
data/fe-porphyrin/sampling-inputs/Fe-TPP-Cl/input.xyz,ad258ea13e25b4e564b4af51e96787861d0e728ae4b8bd40d25fe0284671d285,3680
data/fe-porphyrin/sampling-inputs/Fe-TPP-Cl/preoptimized.xyz,af9b33926306f6619e2be65a6e295a7ca92e1b626b11df2d1660fc964b5267b4,6157
data/fe-porphyrin/sampling-inputs/Fe-TPP-Cl/project.d3map.json,628ed8c642999f314bceba5cb832b951e63cbec5a760f31b189bc049ac90eb87,3375
data/fe-porphyrin/sampling-inputs/Fe-TPP-Cl/xtb-preopt.log,5910dabcc5336b3d03b60a77a1b2c05f07e00814b662fd2c9edc80b8fc70d53d,180094
data/fe-porphyrin/source-run-manifest.json,0cd6bc4d0908aca89390418d4e83fa07c3bff25bb3d30f75118489e7bc38fe82,2237
data/fe-porphyrin/source-structure-manifest.json,ea2093c1146a65d0955bc069ded72a25f852c4077078a8e1096bbafbd639c93b,1415
data/fe-porphyrin/weights.csv,4fa18b9c4b5a5de2a504f205d0e6d53f50314a6a10dfe419e631ece9fe55ab88,82531
data/published-ru/README.md,e2931e996b05a9913ed9cc423d27d7b3b973ce3b72e64be89d140689c9cd9c38,250
data/published-ru/energies.csv,40b100a2cfce03a495b7f751fe5ceeea8595be8e6d1891ec142dfb9fbae416d7,221
data/published-ru/input-structures/published_5c_4e_I.xyz,715d74e5e205cdd31302a87ee09841656f1d5ea8769481bc938059e57577a67c,9461
data/published-ru/input-structures/published_5c_4e_II.xyz,344cb2f0651ac36cc754ea21e06c3887d345e70103c591ba276032ffc35fdd10,9462
data/published-ru/input-structures/published_5c_4e_III.xyz,2b13ab646d062c70b19ab07ffadc3051b1ddfffd4c71c71f77f89948e27e2c04,9464
data/published-ru/manifest.json,6b53c1ad04e02260eff5decf0c42a29f8baacd9209d06f25be326eb566a24c03,536
data/published-ru/retained-structures/published_5c_4e_I-unit-weight.xyz,55770a124c9bd36d54ee4baec3e96858ee0cc833592cc4cb2f69660b491808fd,11074
data/published-ru/retained-structures/published_5c_4e_II-unit-weight.xyz,0977c4a284a8bbcf5d407f858f1a65351c863d47557d514789a310717c847496,11074
data/published-ru/retained-structures/published_5c_4e_III-unit-weight.xyz,545ff81a13cf1181f86e96809982a3224dddbf8943178d06fc6d7bb221b728f5,11075
data/published-ru/sampling-inputs/I/project.d3map.json,f874912b87f2e126c1b722f006c435ea3ceba299cba1523ffd40529e6cb24792,6087
data/published-ru/sampling-inputs/II/project.d3map.json,9f4362af9c3160712fbac21f7f121f7d3b2f7cd9b17fdfe7f1a82d53b5f2f45f,6092
data/published-ru/sampling-inputs/III/project.d3map.json,9acc4bd2999e5551c6dc43675f4db078ebb4e1a594598603d815f60841841bc5,6088
data/published-ru/weights-I.csv,ba5c9745d3d60050897884ebf5216997927017add22ac7f5335efae39435fb97,65
data/published-ru/weights-II.csv,ba5c9745d3d60050897884ebf5216997927017add22ac7f5335efae39435fb97,65
data/published-ru/weights-III.csv,ba5c9745d3d60050897884ebf5216997927017add22ac7f5335efae39435fb97,65
data/published-ru/weights.csv,9337960938f23bc17cee6d03809df2cb0aaa3694d64fce3efd3120e5a6d2ccf6,152
data/ru2-solvent-pilot/README.md,3a997e59aac838ace2788d1399f96cec82444cc9397c8e357b29a73876620573,347
data/ru2-solvent-pilot/energies.csv,1de96a477625de542f6d39faab959411fb0508ba566c04b87f6aa5e1ef12eae5,6552
data/ru2-solvent-pilot/input-structures/starting-assembly-unoptimized.xyz,fd5f1e4919d61f42c4d4aa2abc6385ef98d42af5d0aeaf782682b40e55741e93,9533
data/ru2-solvent-pilot/manifest.json,7b2467ecf14e5042600c30772bd5ac0eff091e8d011d5fffe6b6d636ad8f44b2,534
data/ru2-solvent-pilot/retained-structures/ccl4-like/map-input.xyz,77bea88f5619bd872570bdcca96f1301f47bcad83f3e30643b15b8c769ac086d,501401
data/ru2-solvent-pilot/retained-structures/ccl4-like/solvent-md.xtb.trj,c5f44b2e8b9ab5901b3d328a603449b5f99898d69b032e856dec4a994c42c526,943600
data/ru2-solvent-pilot/retained-structures/dcm-like/map-input.xyz,6b5eb7cb122a8fb36eca0f485e5c1864c9ac75b34fe8313ced7181b3535fb3d2,501322
data/ru2-solvent-pilot/retained-structures/dcm-like/solvent-md.xtb.trj,83866e056389d2f4a2e1e7ac1eeba82bc4eb15a19a6a84d32d5399e0616168af,943600
data/ru2-solvent-pilot/sampling-inputs/ccl4-like/bootstrap.inp,dfb49d76a15120169973063c3179b269104f8e1c2eee21434cb8c58620170df0,402
data/ru2-solvent-pilot/sampling-inputs/ccl4-like/input.xyz,fd5f1e4919d61f42c4d4aa2abc6385ef98d42af5d0aeaf782682b40e55741e93,9533
data/ru2-solvent-pilot/sampling-inputs/ccl4-like/metadyn.inp,a646298f85a51f156c97fd9a3bc265dfbee66e054de4fb10c7ea7f530daa3d36,914
data/ru2-solvent-pilot/sampling-inputs/ccl4-like/metadynamics.log,93330244a4276271e605d59510f3c825dc86ee8441085911e19398fc86950847,51268
data/ru2-solvent-pilot/sampling-inputs/ccl4-like/preopt.inp,59e2913b8905a2a8103f0eddb3ef2e081f50cff17477c572f88214c2e27a1b4a,261
data/ru2-solvent-pilot/sampling-inputs/ccl4-like/preoptimization.log,85c3ddb404640b4250a67356af70e91d0cee5d2b8dc58e1d299cb40319a8626a,233339
data/ru2-solvent-pilot/sampling-inputs/ccl4-like/preoptimized.xyz,a5343326886bb86404cd0ba80ec92989e1dd1f6b770a9598863dfd496ab08415,18872
data/ru2-solvent-pilot/sampling-inputs/ccl4-like/trajectory-summary.json,c6b4264e722bb44f4d7629b7903bc1519610508d737a26790ceb891dbccc1371,4206
data/ru2-solvent-pilot/sampling-inputs/dcm-like/bootstrap.inp,dfb49d76a15120169973063c3179b269104f8e1c2eee21434cb8c58620170df0,402
data/ru2-solvent-pilot/sampling-inputs/dcm-like/input.xyz,fd5f1e4919d61f42c4d4aa2abc6385ef98d42af5d0aeaf782682b40e55741e93,9533
data/ru2-solvent-pilot/sampling-inputs/dcm-like/metadyn.inp,a646298f85a51f156c97fd9a3bc265dfbee66e054de4fb10c7ea7f530daa3d36,914
data/ru2-solvent-pilot/sampling-inputs/dcm-like/metadynamics.log,67bc3ecc4d6bb47d5572b8da4ba29b6eaf77ce8c047e85fdf329aed8a0b98df4,51268
data/ru2-solvent-pilot/sampling-inputs/dcm-like/preopt.inp,59e2913b8905a2a8103f0eddb3ef2e081f50cff17477c572f88214c2e27a1b4a,261
data/ru2-solvent-pilot/sampling-inputs/dcm-like/preoptimization.log,ca61606395f2112cf4af204decb6b249f57fe92bfce032e0102efd6341acbb92,227461
data/ru2-solvent-pilot/sampling-inputs/dcm-like/preoptimized.xyz,c54d4bf71ebc17f09a8773e3c32be4c343d0ed449a7cc1ed209b6671645ed690,18872
data/ru2-solvent-pilot/sampling-inputs/dcm-like/trajectory-summary.json,adf57d54b2103863ec73d89130c6ef5c752ab26916d15441108f0718e86b70c2,4203
data/ru2-solvent-pilot/source-protocol-README.md,ddad54fca48516658e43cf4e8451151584c862d85290d1b7aa72fd6a44f61206,5943
data/ru2-solvent-pilot/weights-ccl4-like.csv,fa388e01346c37968661e137a3fd003d445f28ae4f47c48301b6ec2bece6fc82,3835
data/ru2-solvent-pilot/weights-dcm-like.csv,fa388e01346c37968661e137a3fd003d445f28ae4f47c48301b6ec2bece6fc82,3835
data/ru2-solvent-pilot/weights.csv,d23fca64dfd31e9d3513088d3f78cb3c84f7387865d73d604d9779995ecdc6a2,8428
environment.yml,a8aeea1edf0f8bb19ce493f17ed61cd02b9680aea7a0e2f5c4e6faeaf6ffbacd,418
requirements.txt,549b879ca67c85df1017aa1d900d9277290424f7a18a353cb71894056cb50cff,309
results/README.md,ae03442f73705b2163a4557b4d3229d7877661a7f51d2aefa2424322e5672532,621
results/descriptors/au-cu-complete-feature-matrix.csv,14990c8dfff95d12a4387d93e398213042e9168beb300f6b54e505f0b2b5f054,25555
results/descriptors/au-cu-conventional-15-descriptors.csv,54649aab1befa63d20d8f50b430e33695e555a105d1fcfc45a8a49cea75e0292,1984
results/descriptors/au-cu-feature-pool-manifest.json,96ed8fb57d5fc7694afe4c25fca1a0df8a16e3879cb4e9dd821372932045a13e,34226
results/descriptors/cu-nhc-complete-feature-matrix.csv,009461b90c6ebf0646f735eb131e7d247a85fba84f41fc27d4b40d0ed2312526,26675
results/descriptors/cu-nhc-conventional-15-descriptors.csv,bb40f0b0e3787d794352d38a63f15df26aca44c84fdf78c704baf04baf6db753,2205
results/descriptors/cu-nhc-feature-pool-manifest.json,96e30c53db6c2fa9c8f070a98a1e7b6411720d4cf9e05a142977be0d7ec5d4e2,31842
results/descriptors/fe-porphyrin/Fe-TDCPP-Cl-descriptors.json,56bebda0fe7e01680e37b887103fd88ce1e99ee6a8719a3d85a3c3f85a96a838,100971
results/descriptors/fe-porphyrin/Fe-TDCPP-Cl-features.csv,dab6a16cec2317836f5d87ff1a3a70156db8a8a1e55b75b0e1d608095c606ca4,9930
results/descriptors/fe-porphyrin/Fe-TDCPP-Cl-per-geometry.csv,7bed9282d88a6fca075419359cc9b3c1217bd0f78d1b1a416238fd84e631742c,4779
results/descriptors/fe-porphyrin/Fe-TMP-Cl-descriptors.json,db78b66efcd87f5a0eed3879026ddc41e205dbaabf93d762766edd8febe4d844,210116
results/descriptors/fe-porphyrin/Fe-TMP-Cl-features.csv,d364890a3e9341bc7fa64093de81c58bf7744ea7fca1191f57871fd3646d34fb,9931
results/descriptors/fe-porphyrin/Fe-TMP-Cl-per-geometry.csv,344a5ccde4ae9907c8bb854d0af5da1ef44a3594ca518c30ac1670a05264a156,12075
results/descriptors/fe-porphyrin/Fe-TPP-Cl-descriptors.json,bd66d70697136553941d90a415ae5558ecc24efe452a1f22e60e6f0c3186993d,254721
results/descriptors/fe-porphyrin/Fe-TPP-Cl-features.csv,7d078aabd9dcf935bbbac6888d13fde4e41a8c2436bc02942fb1f1132df7bb1e,9952
results/descriptors/fe-porphyrin/Fe-TPP-Cl-per-geometry.csv,5c12d08008c53e9f01448c0bdee5f711db522444689ef794ea7e07170fc922a7,15099
results/figures/au-cu/03-occupation-difference.png,ddd8b96285419afcc80879c3b74b8486312ba765b26d293266105658fc65f257,127221
results/figures/au-cu/04-directional-shielding-difference.png,1c7c5d97f8d859a7809d7a91f004d04750aaebe8e07bbf64dcd119f95c7a64ee,181496
results/figures/au-cu/07-fixed-subset-r2-heatmap.png,22e78a65f18d5cd795901db46b7a9b8212c807b2e27ecd4522a0ad8ca0084b08,126203
results/figures/cu-nhc/yield_case3d_static_protocol.png,a506e64da6939ef904a09b496f2ebecbf7b22d431e9df2fce9088512c19f986b,141477
results/figures/cu-nhc/yield_four_model_comparison.png,61379eaa374f4ab9e3e1393513432fe8f5c2bb02d7d8fd09159316019387713b,246166
results/figures/cu-nhc/yield_three_model_comparison.png,259216ac5d69cf59d2f4906cdb2b50f1749aa4dd3d1542b1d2155f2738e056aa,156525
results/figures/fe-porphyrin/03-occupation-difference.png,522a5abfb5b4dca1c7254f82e89a763f9006908f09c117e0de41800791adee68,118702
results/figures/fe-porphyrin/04-shielding-difference.png,c799880d6ca4576d8da91d5768bf14a6463d23151f5315313e9c60ba0792b8b8,222053
results/figures/figure-manifest.csv,7cc663c8fb0496a544ca3d139f6fa8d2063fdb40018946b6da2479aa462f0e19,2182
results/maps/au-cu/35-di-tBu-benzoate/axial-fields.npz,7a3496da5550d76dff7b431bfcca4d2bb2662dcf687f59d95bbb37d3de7fb1a4,227703
results/maps/au-cu/35-di-tBu-benzoate/descriptors.json,a00ebcaaee044cad81541eaa0b4a30715f1452bc11a636e4f0eee0604e5984f8,72313
results/maps/au-cu/35-di-tBu-benzoate/features.csv,2f636aef47bc409bd558f5bab91f17d3b4619a2debb9f63343ad44c1de646128,9823
results/maps/au-cu/35-di-tBu-benzoate/probability-fields-v2.npz,2c263f39e8fc95b10cb8d7b9b619fc4c241b17e0f2a0dc605c71e9e6de3138a3,249519
results/maps/au-cu/35-di-tBu-benzoate/probability-v2-summary.json,be5ebfabc7ddddc8eca381592688b43e462dace26918034a87c096a11f2d28bd,11945
results/maps/au-cu/benzoate/axial-fields.npz,f2cac079c75e4d75ca9113cf95fa50ca6f2037f281699c74cb0cef88f0a24e2e,231093
results/maps/au-cu/benzoate/descriptors.json,e3a03967bb0e8583a4e509bdd262559604cfadb3aa1d22ee5fd0c5e165b65eae,70129
results/maps/au-cu/benzoate/features.csv,7a0f385e5621d33d6380bd59a14d5e63c9af2d1e2c535995c5b1ed698a84649e,10072
results/maps/au-cu/benzoate/probability-fields-v2.npz,de716da62d067f19d3c4df57f6e142fca2344ec47f2d306c6101190b6f751531,253758
results/maps/au-cu/benzoate/probability-v2-summary.json,4639445ad1ef1b9ad0508b8de3a6e1b65346426f37488de06f08023fe2abc5af,12194
results/maps/au-cu/common-core-R-H-reference/axial-fields.npz,32248e2764ffca8471288d97f2a17271d8ca0f877c0ceed535e031ba1bd487c1,240939
results/maps/au-cu/common-core-R-H-reference/descriptors.json,04f096dbcb0803993f171f9e8fca7e1530b8356dd991af72a015ecbf0bb4fd28,85286
results/maps/au-cu/common-core-R-H-reference/features.csv,6592fb124eec87bef23c8ab78641524ffb85e2cf4143965bac8e1b805b5323e9,10065
results/maps/au-cu/common-core-R-H-reference/probability-fields-v2.npz,d7f8a1b68036664a150806fdd319689a117cdca26ecd80fdc7482c8fa0ebea68,265399
results/maps/au-cu/common-core-R-H-reference/probability-v2-summary.json,bd81c4375bd4a1967583733ccfdc93f49273e7ecebd617c48dca33b47fc0a5a8,12209
results/maps/au-cu/common-core-R-H-vs-35-di-tBu-benzoate/difference-fields.npz,dba98f1d79bb34cb899eb74f55eacdea248d8393005f794dc3b0d7318aaf6bc2,2649171
results/maps/au-cu/common-core-R-H-vs-35-di-tBu-benzoate/manifest.json,aad7252f98e4f3c7ea7feee98479a5cc192c350cefb9f4d6044d9025227d1ef2,35101
results/maps/au-cu/common-core-R-H-vs-benzoate/difference-fields.npz,a728f13b34cdbb2edf8cfcd51931bd6ed6184f6a32caf851a48a65ca2e588b58,2672685
results/maps/au-cu/common-core-R-H-vs-benzoate/manifest.json,f2586cb88186ae684d9844af8638252d157aad09f9264bc459652095a7b3a2ba,35101
results/maps/au-cu/common-core-R-H-vs-para-CF3-benzoate/difference-fields.npz,930685b11f520f5b4c7622a52f6b48b0e5238f3716bd3df6749f63e7d327d80b,2712906
results/maps/au-cu/common-core-R-H-vs-para-CF3-benzoate/manifest.json,9f865e696d238a5101ed5cf3f7119ef95fea2cb1b5b67a21de11fceaf3d76a14,35101
results/maps/au-cu/common-core-R-H-vs-para-OMe-benzoate/difference-fields.npz,8bf4f14c73ef4c24e15c3709e33300e6b9fd9534a14909586de83f459dba92ea,2712268
results/maps/au-cu/common-core-R-H-vs-para-OMe-benzoate/manifest.json,f8a77e927e0acb5aa958c7532836bd4a780d64339ab8729e7578f82772005a95,35101
results/maps/au-cu/common-core-R-H-vs-para-tBu-benzoate/difference-fields.npz,88b377a5783fb773439c46016d4b72adfb7709df358be852d7aa5b6a83ecb3b1,2796798
results/maps/au-cu/common-core-R-H-vs-para-tBu-benzoate/manifest.json,fc8a7c34e21adfa25084df1a5cccd75f995a10f78428234a623d68867d3f2b92,35101
results/maps/au-cu/common-core-R-H-vs-phenylacetate/difference-fields.npz,8134242d7d57fb436ed8c37d76f2d0624105bdcb02d2828d4aef3c0cf3517ddd,2601963
results/maps/au-cu/common-core-R-H-vs-phenylacetate/manifest.json,307fa59332a0c180322ae60bdd0adde683c7c2b89770087caaf332c5743e0c0e,35101
results/maps/au-cu/common-core-R-H-vs-pivalate/difference-fields.npz,a4050394ba86cdab026d09ce123d18d786ca77a9dbb7738e6dd0bba933b9dee2,2418659
results/maps/au-cu/common-core-R-H-vs-pivalate/manifest.json,584f66cdb4726498b3f243683f361ed10d4a9b5ccc04e6836597c109076127f4,35101
results/maps/au-cu/para-CF3-benzoate/axial-fields.npz,5278494b528087a1b3299ce8f31e5f7338a18387a972cb4759263fb4db9674bc,285316
results/maps/au-cu/para-CF3-benzoate/descriptors.json,a951ffb72c92249dccc4c581bea864999e42e40ad99cffa96ca91afed428568c,91836
results/maps/au-cu/para-CF3-benzoate/features.csv,bad63b94c7fb7738fca94c56879172b56be24046348169392a163f818a2d2032,10032
results/maps/au-cu/para-CF3-benzoate/probability-fields-v2.npz,fa39a312ee3ec82f0ab75dc145e7a7604764c508f598bad97aa8fce66216d7a1,311544
results/maps/au-cu/para-CF3-benzoate/probability-v2-summary.json,7038a60c59fcc4e5780d02d93b2a60f0dfa69d58524f4fc26ea943d5b98e1d55,12161
results/maps/au-cu/para-OMe-benzoate/axial-fields.npz,21e478c3735b9c6a51d9481c78e18600d66708b5bdb6bb413a94b990734f56ef,265507
results/maps/au-cu/para-OMe-benzoate/descriptors.json,1f0f214e7f74a287ecbff53cc85fe9319375c82685b1dcff9488e2d403e82175,83405
results/maps/au-cu/para-OMe-benzoate/features.csv,83531ecfebc16980efd455d3c485cd05fff35044cb6d68244a4d9332e28050c9,10223
results/maps/au-cu/para-OMe-benzoate/probability-fields-v2.npz,0be3ed5dab62d2edad1bb4205a8d7169a76ead5cdf66b1435a98778e59e8ebb7,292257
results/maps/au-cu/para-OMe-benzoate/probability-v2-summary.json,7aed6b1da9b461719ece5216b00859f4012ffe9381978c4f5a43cc216b5f80cf,12343
results/maps/au-cu/para-tBu-benzoate/axial-fields.npz,2b395ef9009c7322689604cad2ec807d2f2bbf7e2b310c39266549abb4eb7a66,308072
results/maps/au-cu/para-tBu-benzoate/descriptors.json,b7c5496311eb8a6c089703c0979224295d0de9d2c535ac9a5abb02546b15d6e4,99367
results/maps/au-cu/para-tBu-benzoate/features.csv,9215105182c2253867ed31002c6b11c651063361029ec21130e239358b102222,10301
results/maps/au-cu/para-tBu-benzoate/probability-fields-v2.npz,0d9967ccd106fbcc46a6ad7a6395ff7bf8e107c465a1a91d0cfaf204d3212bbc,336298
results/maps/au-cu/para-tBu-benzoate/probability-v2-summary.json,83d28766b24009858e69e84fee74ee5c6d544ff6dc10bbbefb5e5d2f0963c221,12430
results/maps/au-cu/phenylacetate/axial-fields.npz,add92a0e0822fd092532814eeb4ab95c89f8cad3199d7fbe304aa9a46c3557de,237025
results/maps/au-cu/phenylacetate/descriptors.json,bda98beb56bd0656176f877e8f5136f0ba77dd04b4fd9c239832f2911fdad0c6,74145
results/maps/au-cu/phenylacetate/features.csv,13f092320ecdd8777d0a05e523b7cf0110037ef8a3a5d13f8c39f7ec196ba84a,10182
results/maps/au-cu/phenylacetate/probability-fields-v2.npz,30714bad3a389219c0040ee1b3095d6df1fbc5a4c1840570738aa4cce0abc83a,260316
results/maps/au-cu/phenylacetate/probability-v2-summary.json,0d1a3636c4119b0306702f928d07153c9bf0c09084e7eec23534926249935301,12307
results/maps/au-cu/pivalate/axial-fields.npz,08cfb91dbad84a41b39566c4d6abeb9c5734051e6dd05529038efe403123eafc,237378
results/maps/au-cu/pivalate/descriptors.json,7081e26b8cdde25abbaafe0c14f45b4626db9884b75671e6403216309ccd0141,73092
results/maps/au-cu/pivalate/features.csv,6fc8b6cfebfdf821770bec625a164bb4220f57a77064607f791442e08b381778,9775
results/maps/au-cu/pivalate/probability-fields-v2.npz,a48bbcb15c3e164cceba9130157c776b3ba12547d0572d2a734d802066024d0d,260510
results/maps/au-cu/pivalate/probability-v2-summary.json,ced2fcf603ab25c9ddb321d2826b76172fa21cd9d6dff75bc3a181635aad0bfb,11917
results/maps/cu-nhc/3a/aligned-ensemble.xyz,3d752aaec2e8d95bb60718a61cf72078bcadbec6bb49badee081928d6d0adab5,18642
results/maps/cu-nhc/3a/axial-fields.npz,52b9a38be96dd7a92cbc07e6f0508235e932e4d9c6fe1629c495c391c63e3fcf,174821
results/maps/cu-nhc/3a/descriptors.json,f2c580dcfdd494eefebbc32968e562e4c191888ba57e97d2223ac681709bb4bf,33111
results/maps/cu-nhc/3a/features.csv,febd2cde6dd1ce4bbaa7cf1f1d874f1fc850a847e2727d8ca55ec3154f06bb21,9262
results/maps/cu-nhc/3a/probability-fields-v2.npz,1e55cb0c5265885e3667711c9d5c9fbf5eacf7eff3a75644f9c6cc92213bf7f4,211646
results/maps/cu-nhc/3a/probability-v2-summary.json,7b0ee11259277536cafd16e4f8bbb024e1352a7a5aa8fe8dbace9885af29fee9,11506
results/maps/cu-nhc/3b-anti/aligned-ensemble.xyz,f33a9377537ba36afaf324d47a52d234561a4e7f40f2e3d566912264193d612b,16158
results/maps/cu-nhc/3b-anti/axial-fields.npz,0b2daf53e19576906ed57c0631f15b308c6c3af1c5461e7c82f61854ad7212af,167798
results/maps/cu-nhc/3b-anti/descriptors.json,3d0e291cccdd0c513c52a89d062967a17dc16194c9fbb17d6b91a372e37571ec,32738
results/maps/cu-nhc/3b-anti/features.csv,8564f32df92c6d65b7751960fc42790592079d1236248b4d3e375d8144459d70,9214
results/maps/cu-nhc/3b-anti/probability-fields-v2.npz,b8acc975eb69ee04c306dfb89438554777235c22ea501801bca1f01192e69975,193518
results/maps/cu-nhc/3b-anti/probability-v2-summary.json,3e42f5c2faca5f3d968215c8ee43aca3f321ef864ebc9f7e9045c14dd6623993,11543
results/maps/cu-nhc/3b-syn/aligned-ensemble.xyz,6f972872d1dc5734a88d214bf4606d280322c7493ee6ebf314d6f386a121c593,16158
results/maps/cu-nhc/3b-syn/axial-fields.npz,751c357ad37c594402532114ae85717cd5bda6b0a4efd77a9177ed96a3dfa1bb,172383
results/maps/cu-nhc/3b-syn/descriptors.json,fa4f9c3f1c548d3d6d5dd36b6b2c05d3c7c95e3c2c8e6b095e7dd08a88823af2,33083
results/maps/cu-nhc/3b-syn/features.csv,f7efd2174c820e8842e95ff797a72a25b898352d0cd8c669e75ae03f57bf3f60,9339
results/maps/cu-nhc/3b-syn/probability-fields-v2.npz,541c31cb4fac6742b332d5c5cf4f2161f0410e28844291645f2fd3cec41281db,205761
results/maps/cu-nhc/3b-syn/probability-v2-summary.json,261ec0a8b72d7aeee366414f389452cb191dfe03fb9936e55ee0a33d0eca53c4,11613
results/maps/cu-nhc/3c/aligned-ensemble.xyz,52a06082f2ddc7070150f14364da778c76e7d3d2257ef5fb220dbf325c610cdf,10772
results/maps/cu-nhc/3c/axial-fields.npz,2ae47270e28e59a71084d69f88cd8a7985023fa547d91b137a17397854706a29,167991
results/maps/cu-nhc/3c/descriptors.json,1cbfbda5367c06e0fea58864f6ea48a75b3f84a5e6b377458c46ea2c296a6c0d,32773
results/maps/cu-nhc/3c/features.csv,4aaec95ba5abaac9727e0ca78c2ea0dcb83023aaa75af526a99615aca10ef25b,10877
results/maps/cu-nhc/3c/probability-fields-v2.npz,4282290a738df280c484f74e7a0042721e5e1c98382b7a10fd740739dd353ed8,196579
results/maps/cu-nhc/3c/probability-v2-summary.json,e9815e73467de325dd5d1ce7607f8921e2a9fc9d9ba1226108ceb5f872f74c77,13064
results/maps/cu-nhc/3d/aligned-ensemble.xyz,8d0953674f0450cfbb2fedab60ed47706183f08773f2dd22c4da6a0eb4956ded,16986
results/maps/cu-nhc/3d/axial-fields.npz,c3a45840289365da4f5f968dbe0ebe48cfc9f4b361e8757dd4e12f5ae4a86b58,169594
results/maps/cu-nhc/3d/descriptors.json,e1f50242dd2bb456a2673e1d106ef4d0b4b51d07b0c6146e1a6c2935b0a60a81,33148
results/maps/cu-nhc/3d/features.csv,c090c522d6e755ce3fd0703b4b8b741f9a083e8956ebc85885036789a043584b,9343
results/maps/cu-nhc/3d/probability-fields-v2.npz,efd66612e843f22fa62f71932835c57d75ad10b769c17b877d4134504c6f257c,195044
results/maps/cu-nhc/3d/probability-v2-summary.json,ac73d496d3a293bbdebce5b8109d34f009fcf19334a8fab0119dc728949a6adb,11536
results/maps/cu-nhc/3e/aligned-ensemble.xyz,0216a513c0655459215239c05b3aeb4de6189d44d0c041f61bf6acc98334cc1f,16275
results/maps/cu-nhc/3e/axial-fields.npz,9f1406c6e46556f18db181ba4eb86602bbe6a609fd827036019ea9fbb27090fb,173934
results/maps/cu-nhc/3e/descriptors.json,655d3c9e351fafbc6c3a9defeddf5e741934200e538372cbd21eaf57afd43ef9,32942
results/maps/cu-nhc/3e/features.csv,417ad9c763d67b094ce64aee2c5622753a1acec3c508c072dd8cc5659e08bfb4,9032
results/maps/cu-nhc/3e/probability-fields-v2.npz,c1e49599454c39a57d839fd840fe2a66118270b41a810876daa01175d2523ab9,203053
results/maps/cu-nhc/3e/probability-v2-summary.json,904d36b956452e095ef0ba315eadb56fa7c3420a07817ee723a79ea135988306,11103
results/maps/cu-nhc/IMes/aligned-ensemble.xyz,b4291c37031082eaf3410215eace3abe720dea7eca83b187e197a0ede2c0d3bf,19683
results/maps/cu-nhc/IMes/axial-fields.npz,a42551841e7c1f14598d13f29197dab8aff4cdb4ddff18691b8ed8be1c2da954,182953
results/maps/cu-nhc/IMes/descriptors.json,e819c6d599c7e60184d50f7d029e423f4601971e83ee5f78b4555a41e922a0e3,37888
results/maps/cu-nhc/IMes/features.csv,01d033ba61a365e739f249f103bf5a1c86a6492c8b9ca0521c7b0e82cf06fad7,9793
results/maps/cu-nhc/IMes/probability-fields-v2.npz,4a0aae999e8d64cbd1c9a7d0daedfbec90b102ed0ab7692e0bffbb08e7c2f54f,223551
results/maps/cu-nhc/IMes/probability-v2-summary.json,fa60a838aa0283f9d14b515939581d07ccb7ea4730f572a55f24462b766f0f23,11796
results/maps/cu-nhc/IPr/aligned-ensemble.xyz,6f78b33e2b4b9f2ccaa97f2e70e4682f6924e4edad6341ff3fc9dd0b634c84cf,15535
results/maps/cu-nhc/IPr/axial-fields.npz,c4a6ce180c68c55380254efc038ee355d6a56c44bd64a83e633ac89b81070683,172543
results/maps/cu-nhc/IPr/descriptors.json,46ea5169e38404d3d40f4075b9d6f5b3d079a1cf65472bae49fafa1d2ec106fb,31772
results/maps/cu-nhc/IPr/features.csv,b400d8cb3ef6a7818bbba2b352b089f09d20c814afe9ffb42f7568e18d20c79c,9191
results/maps/cu-nhc/IPr/probability-fields-v2.npz,9b59dacf9cfcaf95a54cb902846f8e90c43a497dbc1067703487f336ff902926,201770
results/maps/cu-nhc/IPr/probability-v2-summary.json,7f096ce259e76fab788773966e99eb644dab46774980c00e208d30a1cafb8727,11205
results/maps/fe-porphyrin/Fe-TDCPP-Cl/axial-fields.npz,27198b8b88dcdf7c4155e6f3d7f4fd9b6b6bf06bb952f0ed3b80e84beeb3f3d8,325946
results/maps/fe-porphyrin/Fe-TDCPP-Cl/probability-fields-v2.npz,8f12cf686f0fdda05e9976f43e001c21e20c53db02df4dcd76be07c0d69df1f1,435561
results/maps/fe-porphyrin/Fe-TDCPP-Cl/summary.json,c0975d9814d80729449519a87cf39ee13a26dd81d6fd8a70467df1b29b098e00,12112
results/maps/fe-porphyrin/Fe-TMP-Cl/axial-fields.npz,ed411224bd1f129c573b0d8327f818d9818c0a91097ccc92bc9f674526710b6e,487667
results/maps/fe-porphyrin/Fe-TMP-Cl/probability-fields-v2.npz,373b69dffa9ccc4b6c6f9def93abed673a7ecc9ae4a8272ef63c34db8340884c,628694
results/maps/fe-porphyrin/Fe-TMP-Cl/summary.json,bdc691d941e648f5a7767b794b2bad237ad045e602d294f6f74d097dbca94224,12112
results/maps/fe-porphyrin/Fe-TPP-Cl/axial-fields.npz,74c97cebcd2aab4d71beb5d0637900fcf49bffcadcba5279485f156bcc3d3ad4,515547
results/maps/fe-porphyrin/Fe-TPP-Cl/probability-fields-v2.npz,b1a710da2085522a06a3a2ffa080ee549386420863d7f3d3e0514dc860af5237,640336
results/maps/fe-porphyrin/Fe-TPP-Cl/summary.json,172ad7af0e6f1c7c40d2a82c96829c6dabb149c66aaf73d55d0636e786be82a0,12132
results/maps/fe-porphyrin/d2-map-summary.csv,01ba4719c80b6fe911b091a7c05124b64eeece964e09c058ef8f9805daca546b,1
results/maps/fe-porphyrin/d3-map-summary.csv,01ba4719c80b6fe911b091a7c05124b64eeece964e09c058ef8f9805daca546b,1
results/maps/fe-porphyrin/publication-summary.json,f2b0718bdbae768f155ab4870fb514b63227b0cc0966c26b194ee1d6c896a2e2,3355
results/maps/fe-porphyrin/tdcpp-vs-tmp-difference-fields.npz,b54f9522daf96c5a6db24432ded1d1b286f807838f44f0d8741a120f72d2b486,2492071
results/maps/fe-porphyrin/tdcpp-vs-tpp-difference-fields.npz,7c66da3a608366d82a4d2825b6dbfb97d3051409b3f2d595310a6bb633a29156,2486571
results/maps/published-ru/I/axial-fields.npz,639b224efb808c1c604c1f2b05faa330779f7cc2fd7368c9ed9dde4db2bd3693,163698
results/maps/published-ru/I/descriptors.json,f6e5ddf5e1a682f6488785bb75869a46adb3a3a4d46f9c828f8a6cc6e59a29a7,27936
results/maps/published-ru/I/features.csv,751e151a9d11da2af1658bbc65568f53978158c5742d8845c2b3724625b9fac7,7920
results/maps/published-ru/I/probability-fields-v2.npz,8f0418a2f265cc2eb035b1132b711a47a886f6655cd342dae89930098c292286,172864
results/maps/published-ru/I/probability-v2-summary.json,6ace844a9d18cabbde7c8c68dc85590585c39f96084cc9bf2fcbc8e39bfe1a83,10303
results/maps/published-ru/II/axial-fields.npz,321c7f8e3ed14969522fe23a30035503203a76376fb74eb69b8f26007ab560f7,163721
results/maps/published-ru/II/descriptors.json,dc1c86b0782e9ebe11632d51a77d69fdced0f740fb9d44d70ec44c772c46fca7,27892
results/maps/published-ru/II/features.csv,84251686cc9b1b27f9e6792065d952189ec87293a578104b6a3ba1a6145000fd,7887
results/maps/published-ru/II/probability-fields-v2.npz,437899b31d82b8028d4717650a32083ce3b49b030c628df7a0cbf30b791d0e84,172832
results/maps/published-ru/II/probability-v2-summary.json,db911d9015bc79fef229b09efb8c364cb4bdf1a1bc4d4df9dd38c94a9832d7f1,10272
results/maps/published-ru/III/axial-fields.npz,ce09be40bfefa033f00affd016621c6e6dc4b7e9436677a228475f2b23858ce4,163805
results/maps/published-ru/III/descriptors.json,66f035324c32d35dd68c031ebd43557406d4d418a784b4b805a1dab3cf3dddf1,27946
results/maps/published-ru/III/features.csv,4f805a05a2d0eeff370b2dca0f7876522bf0636b9c305679e76dc1003eba6850,7880
results/maps/published-ru/III/probability-fields-v2.npz,1b8445332ec3b40176e5eee3aff50f5de440900c4607fd5a3314ec2b81de7ae2,173040
results/maps/published-ru/III/probability-v2-summary.json,926c6fb9be3ad3df754b2e3ae73fd6db00034e5c847fa262c0aee26947a6fd36,10252
results/maps/published-ru/published_5c_4e_I-vs-published_5c_4e_II-difference-fields.npz,b7dda3c4ada85c59460024d90dc08c6abd46bad24972ef28249a2ce771cd5997,833159
results/maps/published-ru/published_5c_4e_I-vs-published_5c_4e_III-difference-fields.npz,09bf5eb2b58a1cddf10fc0904632e117eba9817adad0ffdec8c0b77dbc4015ac,1081995
results/maps/published-ru/stage-a-manifest.json,e6637f420b1297d5f21255602a089fe31f708e11796cdeba45a2d9d1e682fd25,3029
results/maps/ru2-solvent-pilot/ccl4-like/trajectory-summary.json,24124fca660085600dd93c6a1813e348f5c79a0392c94ced1abbdf79fbff91c2,4223
results/maps/ru2-solvent-pilot/dcm-like/trajectory-summary.json,9f4c942b3ac31e871c5474cb10f5feabd94da27b5c82fd62caf29a49db7a9a33,4220
results/maps/ru2-solvent-pilot/maps/d2/ccl4-like-external/results/reference/axial-fields.npz,9b2b2c23d74a09c7808a6e3cee5da581d7abe4bd28cbab19d279cd743aba3a68,214279
results/maps/ru2-solvent-pilot/maps/d2/ccl4-like-external/results/reference/baselines/input/axial-fields.npz,47c285208aa8fd4522d7dff8b0f39bc3747f0ffb4bb53b39fe5a020cc209e7aa,163747
results/maps/ru2-solvent-pilot/maps/d2/ccl4-like-external/results/reference/baselines/input/plot-data/topographic-fields.npz,e957e37fc0461d3463b75f481fe21b8d8caf5d293af0d3b3d7bf717f9dd25ab4,342744
results/maps/ru2-solvent-pilot/maps/d2/ccl4-like-external/results/reference/baselines/input/probability-fields-v2.npz,1b6e0861143b69e398d0f780a30d8ba62b40f1299dfc620ec237785be3cf4ccc,173154
results/maps/ru2-solvent-pilot/maps/d2/ccl4-like-external/results/reference/plot-data/topographic-fields.npz,a70de9dfb35506435b94099d1fdeda6353367c8cf5e375996c2ff18e8e8819a0,606547
results/maps/ru2-solvent-pilot/maps/d2/ccl4-like-external/results/reference/probability-fields-v2.npz,8b76fad7a7060e68d6ee3363b5664c51f20922ee54a0f3a220bed8c13bdc65d5,236503
results/maps/ru2-solvent-pilot/maps/d2/ccl4-like-full/results/reference/axial-fields.npz,e31010918c8f8428d10f73eeb1ebb09a28f045048d37f36f1d630db1ba1b74cf,226676
results/maps/ru2-solvent-pilot/maps/d2/ccl4-like-full/results/reference/baselines/input/axial-fields.npz,2c383a78aa77df132685edb97dededa32eb760cb78997a3381214eaa957dea1c,163723
results/maps/ru2-solvent-pilot/maps/d2/ccl4-like-full/results/reference/baselines/input/plot-data/topographic-fields.npz,f08c5eecda24a82d3bbb00e89dd24e95a08c7074e6f3808f04bf75eac3bee5a6,373915
results/maps/ru2-solvent-pilot/maps/d2/ccl4-like-full/results/reference/baselines/input/probability-fields-v2.npz,1b4e34fe6dc6ede6bb4f712323bbb4874e7ca17e68d9615ddc42947eaf2e1bec,172908
results/maps/ru2-solvent-pilot/maps/d2/ccl4-like-full/results/reference/plot-data/topographic-fields.npz,96882071c01a74b85d51c4d02b24147ac475571d6d7f32d89e831a1643f9c02e,648480
results/maps/ru2-solvent-pilot/maps/d2/ccl4-like-full/results/reference/probability-fields-v2.npz,6d2f7988aacecaa7542cffb947a7129d7d96a417bf0e42c4a1a0ea1bbb5964cd,240516
results/maps/ru2-solvent-pilot/maps/d2/dcm-like-external/results/reference/axial-fields.npz,edbb59ec9943ff29622483fb7aa5445958c97d3e2ee682c8289dbdbd81a7d6ce,212957
results/maps/ru2-solvent-pilot/maps/d2/dcm-like-external/results/reference/baselines/input/axial-fields.npz,47c285208aa8fd4522d7dff8b0f39bc3747f0ffb4bb53b39fe5a020cc209e7aa,163747
results/maps/ru2-solvent-pilot/maps/d2/dcm-like-external/results/reference/baselines/input/plot-data/topographic-fields.npz,e957e37fc0461d3463b75f481fe21b8d8caf5d293af0d3b3d7bf717f9dd25ab4,342744
results/maps/ru2-solvent-pilot/maps/d2/dcm-like-external/results/reference/baselines/input/probability-fields-v2.npz,1b6e0861143b69e398d0f780a30d8ba62b40f1299dfc620ec237785be3cf4ccc,173154
results/maps/ru2-solvent-pilot/maps/d2/dcm-like-external/results/reference/plot-data/topographic-fields.npz,d518fc8d716bfea36b0f2c3db730347ac211a78670867b5eb0e76fff60eb8dd4,588333
results/maps/ru2-solvent-pilot/maps/d2/dcm-like-external/results/reference/probability-fields-v2.npz,0733a17e744ddc3a6c4df5792a5ad66663d4c315785d6440866240ae8710c8c5,234624
results/maps/ru2-solvent-pilot/maps/d2/dcm-like-full/results/reference/axial-fields.npz,c89208b02640c70632e4ce7cec42915aa4318c2000849250989e249084e973b1,225858
results/maps/ru2-solvent-pilot/maps/d2/dcm-like-full/results/reference/baselines/input/axial-fields.npz,2c383a78aa77df132685edb97dededa32eb760cb78997a3381214eaa957dea1c,163723
results/maps/ru2-solvent-pilot/maps/d2/dcm-like-full/results/reference/baselines/input/plot-data/topographic-fields.npz,f08c5eecda24a82d3bbb00e89dd24e95a08c7074e6f3808f04bf75eac3bee5a6,373915
results/maps/ru2-solvent-pilot/maps/d2/dcm-like-full/results/reference/baselines/input/probability-fields-v2.npz,1b4e34fe6dc6ede6bb4f712323bbb4874e7ca17e68d9615ddc42947eaf2e1bec,172908
results/maps/ru2-solvent-pilot/maps/d2/dcm-like-full/results/reference/plot-data/topographic-fields.npz,5b9453ea40690302c4e3b8bc2729a52c1a90b9567c3cfa723ccac754560e1c4c,634034
results/maps/ru2-solvent-pilot/maps/d2/dcm-like-full/results/reference/probability-fields-v2.npz,d95cdc45953e7367b417275b4eac8b4c462c1ac9e76beb6f189a0ffa9375707f,239645
results/maps/ru2-solvent-pilot/maps/d3/dcm-minus-ccl4-external/results/comparison/difference-fields.npz,a2c7df6b55d9023c28119d9f26b8c4d5eed69f1bc24ffadd33e16b006ed2ba66,1829324
results/maps/ru2-solvent-pilot/maps/d3/dcm-minus-ccl4-external/results/extended/axial-fields.npz,edbb59ec9943ff29622483fb7aa5445958c97d3e2ee682c8289dbdbd81a7d6ce,212957
results/maps/ru2-solvent-pilot/maps/d3/dcm-minus-ccl4-external/results/extended/baselines/input/axial-fields.npz,47c285208aa8fd4522d7dff8b0f39bc3747f0ffb4bb53b39fe5a020cc209e7aa,163747
results/maps/ru2-solvent-pilot/maps/d3/dcm-minus-ccl4-external/results/extended/baselines/input/plot-data/topographic-fields.npz,e957e37fc0461d3463b75f481fe21b8d8caf5d293af0d3b3d7bf717f9dd25ab4,342744
results/maps/ru2-solvent-pilot/maps/d3/dcm-minus-ccl4-external/results/extended/baselines/input/probability-fields-v2.npz,1b6e0861143b69e398d0f780a30d8ba62b40f1299dfc620ec237785be3cf4ccc,173154
results/maps/ru2-solvent-pilot/maps/d3/dcm-minus-ccl4-external/results/extended/plot-data/topographic-fields.npz,d518fc8d716bfea36b0f2c3db730347ac211a78670867b5eb0e76fff60eb8dd4,588333
results/maps/ru2-solvent-pilot/maps/d3/dcm-minus-ccl4-external/results/extended/probability-fields-v2.npz,0733a17e744ddc3a6c4df5792a5ad66663d4c315785d6440866240ae8710c8c5,234624
results/maps/ru2-solvent-pilot/maps/d3/dcm-minus-ccl4-external/results/reference/axial-fields.npz,9b2b2c23d74a09c7808a6e3cee5da581d7abe4bd28cbab19d279cd743aba3a68,214279
results/maps/ru2-solvent-pilot/maps/d3/dcm-minus-ccl4-external/results/reference/baselines/input/axial-fields.npz,47c285208aa8fd4522d7dff8b0f39bc3747f0ffb4bb53b39fe5a020cc209e7aa,163747
results/maps/ru2-solvent-pilot/maps/d3/dcm-minus-ccl4-external/results/reference/baselines/input/plot-data/topographic-fields.npz,e957e37fc0461d3463b75f481fe21b8d8caf5d293af0d3b3d7bf717f9dd25ab4,342744
results/maps/ru2-solvent-pilot/maps/d3/dcm-minus-ccl4-external/results/reference/baselines/input/probability-fields-v2.npz,1b6e0861143b69e398d0f780a30d8ba62b40f1299dfc620ec237785be3cf4ccc,173154
results/maps/ru2-solvent-pilot/maps/d3/dcm-minus-ccl4-external/results/reference/plot-data/topographic-fields.npz,a70de9dfb35506435b94099d1fdeda6353367c8cf5e375996c2ff18e8e8819a0,606547
results/maps/ru2-solvent-pilot/maps/d3/dcm-minus-ccl4-external/results/reference/probability-fields-v2.npz,8b76fad7a7060e68d6ee3363b5664c51f20922ee54a0f3a220bed8c13bdc65d5,236503
results/maps/ru2-solvent-pilot/maps/d3/dcm-minus-ccl4-full/results/comparison/difference-fields.npz,f0fe3ce0717f54b651c64af07a04a7e04adc3817cd718c6527d6893ff20cabb6,1922041
results/maps/ru2-solvent-pilot/maps/d3/dcm-minus-ccl4-full/results/extended/axial-fields.npz,c89208b02640c70632e4ce7cec42915aa4318c2000849250989e249084e973b1,225858
results/maps/ru2-solvent-pilot/maps/d3/dcm-minus-ccl4-full/results/extended/baselines/input/axial-fields.npz,2c383a78aa77df132685edb97dededa32eb760cb78997a3381214eaa957dea1c,163723
results/maps/ru2-solvent-pilot/maps/d3/dcm-minus-ccl4-full/results/extended/baselines/input/plot-data/topographic-fields.npz,f08c5eecda24a82d3bbb00e89dd24e95a08c7074e6f3808f04bf75eac3bee5a6,373915
results/maps/ru2-solvent-pilot/maps/d3/dcm-minus-ccl4-full/results/extended/baselines/input/probability-fields-v2.npz,1b4e34fe6dc6ede6bb4f712323bbb4874e7ca17e68d9615ddc42947eaf2e1bec,172908
results/maps/ru2-solvent-pilot/maps/d3/dcm-minus-ccl4-full/results/extended/plot-data/topographic-fields.npz,5b9453ea40690302c4e3b8bc2729a52c1a90b9567c3cfa723ccac754560e1c4c,634034
results/maps/ru2-solvent-pilot/maps/d3/dcm-minus-ccl4-full/results/extended/probability-fields-v2.npz,d95cdc45953e7367b417275b4eac8b4c462c1ac9e76beb6f189a0ffa9375707f,239645
results/maps/ru2-solvent-pilot/maps/d3/dcm-minus-ccl4-full/results/reference/axial-fields.npz,e31010918c8f8428d10f73eeb1ebb09a28f045048d37f36f1d630db1ba1b74cf,226676
results/maps/ru2-solvent-pilot/maps/d3/dcm-minus-ccl4-full/results/reference/baselines/input/axial-fields.npz,2c383a78aa77df132685edb97dededa32eb760cb78997a3381214eaa957dea1c,163723
results/maps/ru2-solvent-pilot/maps/d3/dcm-minus-ccl4-full/results/reference/baselines/input/plot-data/topographic-fields.npz,f08c5eecda24a82d3bbb00e89dd24e95a08c7074e6f3808f04bf75eac3bee5a6,373915
results/maps/ru2-solvent-pilot/maps/d3/dcm-minus-ccl4-full/results/reference/baselines/input/probability-fields-v2.npz,1b4e34fe6dc6ede6bb4f712323bbb4874e7ca17e68d9615ddc42947eaf2e1bec,172908
results/maps/ru2-solvent-pilot/maps/d3/dcm-minus-ccl4-full/results/reference/plot-data/topographic-fields.npz,96882071c01a74b85d51c4d02b24147ac475571d6d7f32d89e831a1643f9c02e,648480
results/maps/ru2-solvent-pilot/maps/d3/dcm-minus-ccl4-full/results/reference/probability-fields-v2.npz,6d2f7988aacecaa7542cffb947a7129d7d96a417bf0e42c4a1a0ea1bbb5964cd,240516
results/maps/ru2-solvent-pilot/maps/map-index.json,c3a4ccd88c7fe5781f772fafab426a1227bba7b5d77055cd22c909ccd592463c,538
results/model-inputs/au-cu/case4-bayesian-results.json,201a368ed4f141722f92b3dc8a8b13a8b228a0e62303e5361f6a6dd95e855b69,225168
results/model-inputs/au-cu/case4-feature-matrix.csv,14990c8dfff95d12a4387d93e398213042e9168beb300f6b54e505f0b2b5f054,25555
results/model-inputs/au-cu/case4-feature-pool-manifest.json,96ed8fb57d5fc7694afe4c25fca1a0df8a16e3879cb4e9dd821372932045a13e,34226
results/model-inputs/au-cu/case4-fixed-subset-comparison.csv,f2ba1110895506c85a9b19211874eddc958b14f53991614b2f1b2fc87bbe8748,3825
results/model-inputs/au-cu/case4-fixed-subset-predictions.csv,57c08052b20d3f5578dc0bbf74b2ea526515f85c482f27340ee570d1aeb1a01d,6720
results/model-inputs/au-cu/case4-full-pool-nested-loo-predictions.csv,3e433b5d90a92088f7725de2740850fbe23ce035a5cbddd54ed1fd02ab9d7cb9,4302
results/model-inputs/au-cu/case4-full-pool-nested-loo.json,16ee3a35b5ff5a0a279651857dd813b7046e63f65d9887d05a9b08a91539349c,8922
results/model-inputs/au-cu/case4-loo-predictions.csv,75b4cec4224bc66ef262122acca64bfc386a8b130583f174972d3f0cab3ddc21,8354
results/model-inputs/au-cu/case4-model-comparison.csv,79d7c1ef1d0d016ca85f304e092877bf7bd7138033cee82c5544b15a3d348d3c,3989
results/model-inputs/au-cu/case4-traditional-descriptor-manifest.json,de7eae550e67d561a6976a208eaef81e41113fd1c11ac995fafcc8319e4faffb,5744
results/model-inputs/au-cu/case4-traditional-per-structure.csv,54649aab1befa63d20d8f50b430e33695e555a105d1fcfc45a8a49cea75e0292,1984
results/model-inputs/au-cu/case4-validation-comparison.csv,666cf27a326651830479236b542694b307f42cb00ca7aa504392b95ae68bf28f,1516
results/model-inputs/cu-nhc/case3f-bayesian-results.json,3518dfa181d59aeb0f5994e45741c3833de39ebfba75b5121bf8befb89162d30,110361
results/model-inputs/cu-nhc/case3f-case3d-static-bayesian-results.json,bc693586c851db5a63e150a7460eda6f103bd13daeabd7923db79ec9fb05915e,9131
results/model-inputs/cu-nhc/case3f-case3d-static-model-inputs.csv,35c627461bada8ea3da7f9ecef1cf6d48f83638547d7acd1e5f36eaae4702c39,2720
results/model-inputs/cu-nhc/case3f-case3d-static-nested-loo-predictions.csv,62e9d0627910ed1a2f8850ac3b007b6efa999f4859096205b2d2df751df778b3,911
results/model-inputs/cu-nhc/case3f-case3d-v2-nested-loo-predictions.csv,de6ff7f39fa68b7e0c8676b7b7d57afd6495c09575a8be7bd5fe794efc90baec,890
results/model-inputs/cu-nhc/case3f-case3d-v2-static-bayesian-results.json,40ef756ecb2a5da9bbd0dd4b48a32db37e1b0162ff683f2d99ed118060c3f600,26224
results/model-inputs/cu-nhc/case3f-feature-matrix.csv,009461b90c6ebf0646f735eb131e7d247a85fba84f41fc27d4b40d0ed2312526,26675
results/model-inputs/cu-nhc/case3f-traditional-per-structure.csv,4d75404b7bce89eee4e4a926916349b5afcca4c6b24c1d2a2c9347cdb6502cca,2126
results/model-inputs/cu-nhc/case3f-traditional-static-features.csv,bb40f0b0e3787d794352d38a63f15df26aca44c84fdf78c704baf04baf6db753,2205
results/model-inputs/cu-nhc/case3f-traditional-vs-dynamic-bayesian-results.json,fbbd09e64a6e2fb1f2d4ffe8b08795958b291f8f45bfd12be1409f312edf1c18,22397
results/model-inputs/cu-nhc/case3f-traditional-vs-dynamic-predictions.csv,6ccf6c6f41fd55bfed2a322f7d9b20d725393acd7d43479fde32410b5aa95ece,1009
results/model-inputs/cu-nhc/feature-pool-manifest.json,96e30c53db6c2fa9c8f070a98a1e7b6411720d4cf9e05a142977be0d7ec5d4e2,31842
results/model-inputs/cu-nhc/structure-manifest.json,f3f0ce9c191d81a7c9c2c04e8235509acf70f340e15bb1b714131d125b1e4159,3853
results/predictions/au-cu/case4-fixed-subset-predictions.csv,57c08052b20d3f5578dc0bbf74b2ea526515f85c482f27340ee570d1aeb1a01d,6720
results/predictions/au-cu/case4-full-pool-nested-loo-predictions.csv,3e433b5d90a92088f7725de2740850fbe23ce035a5cbddd54ed1fd02ab9d7cb9,4302
results/predictions/au-cu/case4-loo-predictions.csv,75b4cec4224bc66ef262122acca64bfc386a8b130583f174972d3f0cab3ddc21,8354
results/predictions/cu-nhc/case3f-case3d-static-nested-loo-predictions.csv,62e9d0627910ed1a2f8850ac3b007b6efa999f4859096205b2d2df751df778b3,911
results/predictions/cu-nhc/case3f-case3d-v2-nested-loo-predictions.csv,de6ff7f39fa68b7e0c8676b7b7d57afd6495c09575a8be7bd5fe794efc90baec,890
results/predictions/cu-nhc/case3f-traditional-vs-dynamic-predictions.csv,6ccf6c6f41fd55bfed2a322f7d9b20d725393acd7d43479fde32410b5aa95ece,1009
results/statistical-controls/intercept-only-loo-predictions.csv,5c2b546d0fe6eafcb560341d3fad4581b31b12b2aeb79a2a286f42918d1b1140,1135
results/statistical-controls/intercept-only-summary.json,02bf7031c278893c99ea9c4145278aa8d2b2338d67a61789ccd6fdbba4a83695,904
