solvent_condition,frame,energy_hartree,energy_use
ccl4-like,1,,not used: biased trajectory energy is not a Boltzmann population
ccl4-like,2,,not used: biased trajectory energy is not a Boltzmann population
ccl4-like,3,,not used: biased trajectory energy is not a Boltzmann population
ccl4-like,4,,not used: biased trajectory energy is not a Boltzmann population
ccl4-like,5,,not used: biased trajectory energy is not a Boltzmann population
ccl4-like,6,,not used: biased trajectory energy is not a Boltzmann population
ccl4-like,7,,not used: biased trajectory energy is not a Boltzmann population
ccl4-like,8,,not used: biased trajectory energy is not a Boltzmann population
ccl4-like,9,,not used: biased trajectory energy is not a Boltzmann population
ccl4-like,10,,not used: biased trajectory energy is not a Boltzmann population
ccl4-like,11,,not used: biased trajectory energy is not a Boltzmann population
ccl4-like,12,,not used: biased trajectory energy is not a Boltzmann population
ccl4-like,13,,not used: biased trajectory energy is not a Boltzmann population
ccl4-like,14,,not used: biased trajectory energy is not a Boltzmann population
ccl4-like,15,,not used: biased trajectory energy is not a Boltzmann population
ccl4-like,16,,not used: biased trajectory energy is not a Boltzmann population
ccl4-like,17,,not used: biased trajectory energy is not a Boltzmann population
ccl4-like,18,,not used: biased trajectory energy is not a Boltzmann population
ccl4-like,19,,not used: biased trajectory energy is not a Boltzmann population
ccl4-like,20,,not used: biased trajectory energy is not a Boltzmann population
ccl4-like,21,,not used: biased trajectory energy is not a Boltzmann population
ccl4-like,22,,not used: biased trajectory energy is not a Boltzmann population
ccl4-like,23,,not used: biased trajectory energy is not a Boltzmann population
ccl4-like,24,,not used: biased trajectory energy is not a Boltzmann population
ccl4-like,25,,not used: biased trajectory energy is not a Boltzmann population
ccl4-like,26,,not used: biased trajectory energy is not a Boltzmann population
ccl4-like,27,,not used: biased trajectory energy is not a Boltzmann population
ccl4-like,28,,not used: biased trajectory energy is not a Boltzmann population
ccl4-like,29,,not used: biased trajectory energy is not a Boltzmann population
ccl4-like,30,,not used: biased trajectory energy is not a Boltzmann population
ccl4-like,31,,not used: biased trajectory energy is not a Boltzmann population
ccl4-like,32,,not used: biased trajectory energy is not a Boltzmann population
ccl4-like,33,,not used: biased trajectory energy is not a Boltzmann population
ccl4-like,34,,not used: biased trajectory energy is not a Boltzmann population
ccl4-like,35,,not used: biased trajectory energy is not a Boltzmann population
ccl4-like,36,,not used: biased trajectory energy is not a Boltzmann population
ccl4-like,37,,not used: biased trajectory energy is not a Boltzmann population
ccl4-like,38,,not used: biased trajectory energy is not a Boltzmann population
ccl4-like,39,,not used: biased trajectory energy is not a Boltzmann population
ccl4-like,40,,not used: biased trajectory energy is not a Boltzmann population
ccl4-like,41,,not used: biased trajectory energy is not a Boltzmann population
dcm-like,1,,not used: biased trajectory energy is not a Boltzmann population
dcm-like,2,,not used: biased trajectory energy is not a Boltzmann population
dcm-like,3,,not used: biased trajectory energy is not a Boltzmann population
dcm-like,4,,not used: biased trajectory energy is not a Boltzmann population
dcm-like,5,,not used: biased trajectory energy is not a Boltzmann population
dcm-like,6,,not used: biased trajectory energy is not a Boltzmann population
dcm-like,7,,not used: biased trajectory energy is not a Boltzmann population
dcm-like,8,,not used: biased trajectory energy is not a Boltzmann population
dcm-like,9,,not used: biased trajectory energy is not a Boltzmann population
dcm-like,10,,not used: biased trajectory energy is not a Boltzmann population
dcm-like,11,,not used: biased trajectory energy is not a Boltzmann population
dcm-like,12,,not used: biased trajectory energy is not a Boltzmann population
dcm-like,13,,not used: biased trajectory energy is not a Boltzmann population
dcm-like,14,,not used: biased trajectory energy is not a Boltzmann population
dcm-like,15,,not used: biased trajectory energy is not a Boltzmann population
dcm-like,16,,not used: biased trajectory energy is not a Boltzmann population
dcm-like,17,,not used: biased trajectory energy is not a Boltzmann population
dcm-like,18,,not used: biased trajectory energy is not a Boltzmann population
dcm-like,19,,not used: biased trajectory energy is not a Boltzmann population
dcm-like,20,,not used: biased trajectory energy is not a Boltzmann population
dcm-like,21,,not used: biased trajectory energy is not a Boltzmann population
dcm-like,22,,not used: biased trajectory energy is not a Boltzmann population
dcm-like,23,,not used: biased trajectory energy is not a Boltzmann population
dcm-like,24,,not used: biased trajectory energy is not a Boltzmann population
dcm-like,25,,not used: biased trajectory energy is not a Boltzmann population
dcm-like,26,,not used: biased trajectory energy is not a Boltzmann population
dcm-like,27,,not used: biased trajectory energy is not a Boltzmann population
dcm-like,28,,not used: biased trajectory energy is not a Boltzmann population
dcm-like,29,,not used: biased trajectory energy is not a Boltzmann population
dcm-like,30,,not used: biased trajectory energy is not a Boltzmann population
dcm-like,31,,not used: biased trajectory energy is not a Boltzmann population
dcm-like,32,,not used: biased trajectory energy is not a Boltzmann population
dcm-like,33,,not used: biased trajectory energy is not a Boltzmann population
dcm-like,34,,not used: biased trajectory energy is not a Boltzmann population
dcm-like,35,,not used: biased trajectory energy is not a Boltzmann population
dcm-like,36,,not used: biased trajectory energy is not a Boltzmann population
dcm-like,37,,not used: biased trajectory energy is not a Boltzmann population
dcm-like,38,,not used: biased trajectory energy is not a Boltzmann population
dcm-like,39,,not used: biased trajectory energy is not a Boltzmann population
dcm-like,40,,not used: biased trajectory energy is not a Boltzmann population
dcm-like,41,,not used: biased trajectory energy is not a Boltzmann population
