condition,frame,weight,weighting_method
ccl4-like,1,0.024390243902439025,uniform saved-frame weights after 0.2 ps discard; biased trajectory
ccl4-like,2,0.024390243902439025,uniform saved-frame weights after 0.2 ps discard; biased trajectory
ccl4-like,3,0.024390243902439025,uniform saved-frame weights after 0.2 ps discard; biased trajectory
ccl4-like,4,0.024390243902439025,uniform saved-frame weights after 0.2 ps discard; biased trajectory
ccl4-like,5,0.024390243902439025,uniform saved-frame weights after 0.2 ps discard; biased trajectory
ccl4-like,6,0.024390243902439025,uniform saved-frame weights after 0.2 ps discard; biased trajectory
ccl4-like,7,0.024390243902439025,uniform saved-frame weights after 0.2 ps discard; biased trajectory
ccl4-like,8,0.024390243902439025,uniform saved-frame weights after 0.2 ps discard; biased trajectory
ccl4-like,9,0.024390243902439025,uniform saved-frame weights after 0.2 ps discard; biased trajectory
ccl4-like,10,0.024390243902439025,uniform saved-frame weights after 0.2 ps discard; biased trajectory
ccl4-like,11,0.024390243902439025,uniform saved-frame weights after 0.2 ps discard; biased trajectory
ccl4-like,12,0.024390243902439025,uniform saved-frame weights after 0.2 ps discard; biased trajectory
ccl4-like,13,0.024390243902439025,uniform saved-frame weights after 0.2 ps discard; biased trajectory
ccl4-like,14,0.024390243902439025,uniform saved-frame weights after 0.2 ps discard; biased trajectory
ccl4-like,15,0.024390243902439025,uniform saved-frame weights after 0.2 ps discard; biased trajectory
ccl4-like,16,0.024390243902439025,uniform saved-frame weights after 0.2 ps discard; biased trajectory
ccl4-like,17,0.024390243902439025,uniform saved-frame weights after 0.2 ps discard; biased trajectory
ccl4-like,18,0.024390243902439025,uniform saved-frame weights after 0.2 ps discard; biased trajectory
ccl4-like,19,0.024390243902439025,uniform saved-frame weights after 0.2 ps discard; biased trajectory
ccl4-like,20,0.024390243902439025,uniform saved-frame weights after 0.2 ps discard; biased trajectory
ccl4-like,21,0.024390243902439025,uniform saved-frame weights after 0.2 ps discard; biased trajectory
ccl4-like,22,0.024390243902439025,uniform saved-frame weights after 0.2 ps discard; biased trajectory
ccl4-like,23,0.024390243902439025,uniform saved-frame weights after 0.2 ps discard; biased trajectory
ccl4-like,24,0.024390243902439025,uniform saved-frame weights after 0.2 ps discard; biased trajectory
ccl4-like,25,0.024390243902439025,uniform saved-frame weights after 0.2 ps discard; biased trajectory
ccl4-like,26,0.024390243902439025,uniform saved-frame weights after 0.2 ps discard; biased trajectory
ccl4-like,27,0.024390243902439025,uniform saved-frame weights after 0.2 ps discard; biased trajectory
ccl4-like,28,0.024390243902439025,uniform saved-frame weights after 0.2 ps discard; biased trajectory
ccl4-like,29,0.024390243902439025,uniform saved-frame weights after 0.2 ps discard; biased trajectory
ccl4-like,30,0.024390243902439025,uniform saved-frame weights after 0.2 ps discard; biased trajectory
ccl4-like,31,0.024390243902439025,uniform saved-frame weights after 0.2 ps discard; biased trajectory
ccl4-like,32,0.024390243902439025,uniform saved-frame weights after 0.2 ps discard; biased trajectory
ccl4-like,33,0.024390243902439025,uniform saved-frame weights after 0.2 ps discard; biased trajectory
ccl4-like,34,0.024390243902439025,uniform saved-frame weights after 0.2 ps discard; biased trajectory
ccl4-like,35,0.024390243902439025,uniform saved-frame weights after 0.2 ps discard; biased trajectory
ccl4-like,36,0.024390243902439025,uniform saved-frame weights after 0.2 ps discard; biased trajectory
ccl4-like,37,0.024390243902439025,uniform saved-frame weights after 0.2 ps discard; biased trajectory
ccl4-like,38,0.024390243902439025,uniform saved-frame weights after 0.2 ps discard; biased trajectory
ccl4-like,39,0.024390243902439025,uniform saved-frame weights after 0.2 ps discard; biased trajectory
ccl4-like,40,0.024390243902439025,uniform saved-frame weights after 0.2 ps discard; biased trajectory
ccl4-like,41,0.024390243902439025,uniform saved-frame weights after 0.2 ps discard; biased trajectory
dcm-like,1,0.024390243902439025,uniform saved-frame weights after 0.2 ps discard; biased trajectory
dcm-like,2,0.024390243902439025,uniform saved-frame weights after 0.2 ps discard; biased trajectory
dcm-like,3,0.024390243902439025,uniform saved-frame weights after 0.2 ps discard; biased trajectory
dcm-like,4,0.024390243902439025,uniform saved-frame weights after 0.2 ps discard; biased trajectory
dcm-like,5,0.024390243902439025,uniform saved-frame weights after 0.2 ps discard; biased trajectory
dcm-like,6,0.024390243902439025,uniform saved-frame weights after 0.2 ps discard; biased trajectory
dcm-like,7,0.024390243902439025,uniform saved-frame weights after 0.2 ps discard; biased trajectory
dcm-like,8,0.024390243902439025,uniform saved-frame weights after 0.2 ps discard; biased trajectory
dcm-like,9,0.024390243902439025,uniform saved-frame weights after 0.2 ps discard; biased trajectory
dcm-like,10,0.024390243902439025,uniform saved-frame weights after 0.2 ps discard; biased trajectory
dcm-like,11,0.024390243902439025,uniform saved-frame weights after 0.2 ps discard; biased trajectory
dcm-like,12,0.024390243902439025,uniform saved-frame weights after 0.2 ps discard; biased trajectory
dcm-like,13,0.024390243902439025,uniform saved-frame weights after 0.2 ps discard; biased trajectory
dcm-like,14,0.024390243902439025,uniform saved-frame weights after 0.2 ps discard; biased trajectory
dcm-like,15,0.024390243902439025,uniform saved-frame weights after 0.2 ps discard; biased trajectory
dcm-like,16,0.024390243902439025,uniform saved-frame weights after 0.2 ps discard; biased trajectory
dcm-like,17,0.024390243902439025,uniform saved-frame weights after 0.2 ps discard; biased trajectory
dcm-like,18,0.024390243902439025,uniform saved-frame weights after 0.2 ps discard; biased trajectory
dcm-like,19,0.024390243902439025,uniform saved-frame weights after 0.2 ps discard; biased trajectory
dcm-like,20,0.024390243902439025,uniform saved-frame weights after 0.2 ps discard; biased trajectory
dcm-like,21,0.024390243902439025,uniform saved-frame weights after 0.2 ps discard; biased trajectory
dcm-like,22,0.024390243902439025,uniform saved-frame weights after 0.2 ps discard; biased trajectory
dcm-like,23,0.024390243902439025,uniform saved-frame weights after 0.2 ps discard; biased trajectory
dcm-like,24,0.024390243902439025,uniform saved-frame weights after 0.2 ps discard; biased trajectory
dcm-like,25,0.024390243902439025,uniform saved-frame weights after 0.2 ps discard; biased trajectory
dcm-like,26,0.024390243902439025,uniform saved-frame weights after 0.2 ps discard; biased trajectory
dcm-like,27,0.024390243902439025,uniform saved-frame weights after 0.2 ps discard; biased trajectory
dcm-like,28,0.024390243902439025,uniform saved-frame weights after 0.2 ps discard; biased trajectory
dcm-like,29,0.024390243902439025,uniform saved-frame weights after 0.2 ps discard; biased trajectory
dcm-like,30,0.024390243902439025,uniform saved-frame weights after 0.2 ps discard; biased trajectory
dcm-like,31,0.024390243902439025,uniform saved-frame weights after 0.2 ps discard; biased trajectory
dcm-like,32,0.024390243902439025,uniform saved-frame weights after 0.2 ps discard; biased trajectory
dcm-like,33,0.024390243902439025,uniform saved-frame weights after 0.2 ps discard; biased trajectory
dcm-like,34,0.024390243902439025,uniform saved-frame weights after 0.2 ps discard; biased trajectory
dcm-like,35,0.024390243902439025,uniform saved-frame weights after 0.2 ps discard; biased trajectory
dcm-like,36,0.024390243902439025,uniform saved-frame weights after 0.2 ps discard; biased trajectory
dcm-like,37,0.024390243902439025,uniform saved-frame weights after 0.2 ps discard; biased trajectory
dcm-like,38,0.024390243902439025,uniform saved-frame weights after 0.2 ps discard; biased trajectory
dcm-like,39,0.024390243902439025,uniform saved-frame weights after 0.2 ps discard; biased trajectory
dcm-like,40,0.024390243902439025,uniform saved-frame weights after 0.2 ps discard; biased trajectory
dcm-like,41,0.024390243902439025,uniform saved-frame weights after 0.2 ps discard; biased trajectory
