frame,weight,weighting_method
1,0.024390243902439025,uniform saved-frame weights after 0.2 ps discard; biased trajectory
2,0.024390243902439025,uniform saved-frame weights after 0.2 ps discard; biased trajectory
3,0.024390243902439025,uniform saved-frame weights after 0.2 ps discard; biased trajectory
4,0.024390243902439025,uniform saved-frame weights after 0.2 ps discard; biased trajectory
5,0.024390243902439025,uniform saved-frame weights after 0.2 ps discard; biased trajectory
6,0.024390243902439025,uniform saved-frame weights after 0.2 ps discard; biased trajectory
7,0.024390243902439025,uniform saved-frame weights after 0.2 ps discard; biased trajectory
8,0.024390243902439025,uniform saved-frame weights after 0.2 ps discard; biased trajectory
9,0.024390243902439025,uniform saved-frame weights after 0.2 ps discard; biased trajectory
10,0.024390243902439025,uniform saved-frame weights after 0.2 ps discard; biased trajectory
11,0.024390243902439025,uniform saved-frame weights after 0.2 ps discard; biased trajectory
12,0.024390243902439025,uniform saved-frame weights after 0.2 ps discard; biased trajectory
13,0.024390243902439025,uniform saved-frame weights after 0.2 ps discard; biased trajectory
14,0.024390243902439025,uniform saved-frame weights after 0.2 ps discard; biased trajectory
15,0.024390243902439025,uniform saved-frame weights after 0.2 ps discard; biased trajectory
16,0.024390243902439025,uniform saved-frame weights after 0.2 ps discard; biased trajectory
17,0.024390243902439025,uniform saved-frame weights after 0.2 ps discard; biased trajectory
18,0.024390243902439025,uniform saved-frame weights after 0.2 ps discard; biased trajectory
19,0.024390243902439025,uniform saved-frame weights after 0.2 ps discard; biased trajectory
20,0.024390243902439025,uniform saved-frame weights after 0.2 ps discard; biased trajectory
21,0.024390243902439025,uniform saved-frame weights after 0.2 ps discard; biased trajectory
22,0.024390243902439025,uniform saved-frame weights after 0.2 ps discard; biased trajectory
23,0.024390243902439025,uniform saved-frame weights after 0.2 ps discard; biased trajectory
24,0.024390243902439025,uniform saved-frame weights after 0.2 ps discard; biased trajectory
25,0.024390243902439025,uniform saved-frame weights after 0.2 ps discard; biased trajectory
26,0.024390243902439025,uniform saved-frame weights after 0.2 ps discard; biased trajectory
27,0.024390243902439025,uniform saved-frame weights after 0.2 ps discard; biased trajectory
28,0.024390243902439025,uniform saved-frame weights after 0.2 ps discard; biased trajectory
29,0.024390243902439025,uniform saved-frame weights after 0.2 ps discard; biased trajectory
30,0.024390243902439025,uniform saved-frame weights after 0.2 ps discard; biased trajectory
31,0.024390243902439025,uniform saved-frame weights after 0.2 ps discard; biased trajectory
32,0.024390243902439025,uniform saved-frame weights after 0.2 ps discard; biased trajectory
33,0.024390243902439025,uniform saved-frame weights after 0.2 ps discard; biased trajectory
34,0.024390243902439025,uniform saved-frame weights after 0.2 ps discard; biased trajectory
35,0.024390243902439025,uniform saved-frame weights after 0.2 ps discard; biased trajectory
36,0.024390243902439025,uniform saved-frame weights after 0.2 ps discard; biased trajectory
37,0.024390243902439025,uniform saved-frame weights after 0.2 ps discard; biased trajectory
38,0.024390243902439025,uniform saved-frame weights after 0.2 ps discard; biased trajectory
39,0.024390243902439025,uniform saved-frame weights after 0.2 ps discard; biased trajectory
40,0.024390243902439025,uniform saved-frame weights after 0.2 ps discard; biased trajectory
41,0.024390243902439025,uniform saved-frame weights after 0.2 ps discard; biased trajectory
