outcome,model,held_out_structure,observed,fixed_subset_loo_predicted
yield_percent,full_dynamic_d2_d3_pool,benzoate,86.0,88.58255144058631
yield_percent,full_dynamic_d2_d3_pool,pivalate,90.0,91.76066005670597
yield_percent,full_dynamic_d2_d3_pool,phenylacetate,40.0,39.367809270534636
yield_percent,full_dynamic_d2_d3_pool,para-CF3-benzoate,45.0,45.28826881563914
yield_percent,full_dynamic_d2_d3_pool,para-OMe-benzoate,48.0,49.098031470881175
yield_percent,full_dynamic_d2_d3_pool,para-tBu-benzoate,79.0,77.24443636075414
yield_percent,full_dynamic_d2_d3_pool,35-di-tBu-benzoate,68.0,67.04258887802891
yield_percent,d3map_27_feature_core,benzoate,86.0,96.10878634806161
yield_percent,d3map_27_feature_core,pivalate,90.0,78.36200663625857
yield_percent,d3map_27_feature_core,phenylacetate,40.0,48.768387517970375
yield_percent,d3map_27_feature_core,para-CF3-benzoate,45.0,43.32670712428468
yield_percent,d3map_27_feature_core,para-OMe-benzoate,48.0,46.222489332169594
yield_percent,d3map_27_feature_core,para-tBu-benzoate,79.0,72.10187828132105
yield_percent,d3map_27_feature_core,35-di-tBu-benzoate,68.0,77.26036808267536
yield_percent,traditional_case3f_selected_1_to_3,benzoate,86.0,61.145873519990936
yield_percent,traditional_case3f_selected_1_to_3,pivalate,90.0,62.604775931306136
yield_percent,traditional_case3f_selected_1_to_3,phenylacetate,40.0,67.65202612269132
yield_percent,traditional_case3f_selected_1_to_3,para-CF3-benzoate,45.0,68.5286282595761
yield_percent,traditional_case3f_selected_1_to_3,para-OMe-benzoate,48.0,69.7372681976055
yield_percent,traditional_case3f_selected_1_to_3,para-tBu-benzoate,79.0,65.57171403380674
yield_percent,traditional_case3f_selected_1_to_3,35-di-tBu-benzoate,68.0,59.70115162336445
yield_percent,traditional_case3f_all_15,benzoate,86.0,61.13095376313873
yield_percent,traditional_case3f_all_15,pivalate,90.0,59.226822477504086
yield_percent,traditional_case3f_all_15,phenylacetate,40.0,70.71489001335263
yield_percent,traditional_case3f_all_15,para-CF3-benzoate,45.0,68.22310290228813
yield_percent,traditional_case3f_all_15,para-OMe-benzoate,48.0,68.18297911483303
yield_percent,traditional_case3f_all_15,para-tBu-benzoate,79.0,62.95498644143981
yield_percent,traditional_case3f_all_15,35-di-tBu-benzoate,68.0,54.39269329121506
de_percent,full_dynamic_d2_d3_pool,benzoate,88.0,88.78479121372874
de_percent,full_dynamic_d2_d3_pool,pivalate,94.0,94.1838831667985
de_percent,full_dynamic_d2_d3_pool,phenylacetate,94.0,93.75482548035873
de_percent,full_dynamic_d2_d3_pool,para-CF3-benzoate,92.0,92.15156864531168
de_percent,full_dynamic_d2_d3_pool,para-OMe-benzoate,88.0,87.84756519125375
de_percent,full_dynamic_d2_d3_pool,para-tBu-benzoate,90.0,90.04504566619245
de_percent,full_dynamic_d2_d3_pool,35-di-tBu-benzoate,92.0,91.89893263711026
de_percent,d3map_27_feature_core,benzoate,88.0,87.63562087703383
de_percent,d3map_27_feature_core,pivalate,94.0,93.41819147880493
de_percent,d3map_27_feature_core,phenylacetate,94.0,94.38338238041885
de_percent,d3map_27_feature_core,para-CF3-benzoate,92.0,92.39228523828157
de_percent,d3map_27_feature_core,para-OMe-benzoate,88.0,88.59451644323954
de_percent,d3map_27_feature_core,para-tBu-benzoate,90.0,89.75456474877903
de_percent,d3map_27_feature_core,35-di-tBu-benzoate,92.0,91.13777949097924
de_percent,traditional_case3f_selected_1_to_3,benzoate,88.0,91.46110109308148
de_percent,traditional_case3f_selected_1_to_3,pivalate,94.0,93.92513348145442
de_percent,traditional_case3f_selected_1_to_3,phenylacetate,94.0,90.91622404948849
de_percent,traditional_case3f_selected_1_to_3,para-CF3-benzoate,92.0,90.38928027904753
de_percent,traditional_case3f_selected_1_to_3,para-OMe-benzoate,88.0,91.33190977744077
de_percent,traditional_case3f_selected_1_to_3,para-tBu-benzoate,90.0,90.85866671528359
de_percent,traditional_case3f_selected_1_to_3,35-di-tBu-benzoate,92.0,90.26355952262777
de_percent,traditional_case3f_all_15,benzoate,88.0,91.79794254582637
de_percent,traditional_case3f_all_15,pivalate,94.0,90.50952179645182
de_percent,traditional_case3f_all_15,phenylacetate,94.0,90.5943363400814
de_percent,traditional_case3f_all_15,para-CF3-benzoate,92.0,90.89869774481531
de_percent,traditional_case3f_all_15,para-OMe-benzoate,88.0,91.62497384923091
de_percent,traditional_case3f_all_15,para-tBu-benzoate,90.0,91.26217497502651
de_percent,traditional_case3f_all_15,35-di-tBu-benzoate,92.0,90.07165283528724
ee_cis_percent,full_dynamic_d2_d3_pool,benzoate,57.0,56.113942433271674
ee_cis_percent,full_dynamic_d2_d3_pool,pivalate,10.0,11.950236745047995
ee_cis_percent,full_dynamic_d2_d3_pool,phenylacetate,54.0,52.88340782537622
ee_cis_percent,full_dynamic_d2_d3_pool,para-CF3-benzoate,46.0,46.35081867336091
ee_cis_percent,full_dynamic_d2_d3_pool,para-OMe-benzoate,42.0,41.40680322600213
ee_cis_percent,full_dynamic_d2_d3_pool,para-tBu-benzoate,74.0,77.84406872804878
ee_cis_percent,full_dynamic_d2_d3_pool,35-di-tBu-benzoate,78.0,79.15128418104709
ee_cis_percent,d3map_27_feature_core,benzoate,57.0,57.78309084354902
ee_cis_percent,d3map_27_feature_core,pivalate,10.0,11.386585649873759
ee_cis_percent,d3map_27_feature_core,phenylacetate,54.0,57.020683157571
ee_cis_percent,d3map_27_feature_core,para-CF3-benzoate,46.0,44.5239802465751
ee_cis_percent,d3map_27_feature_core,para-OMe-benzoate,42.0,41.17102480756117
ee_cis_percent,d3map_27_feature_core,para-tBu-benzoate,74.0,73.34542771875475
ee_cis_percent,d3map_27_feature_core,35-di-tBu-benzoate,78.0,72.16951467519874
ee_cis_percent,traditional_case3f_selected_1_to_3,benzoate,57.0,40.925650649261414
ee_cis_percent,traditional_case3f_selected_1_to_3,pivalate,10.0,48.987393282533745
ee_cis_percent,traditional_case3f_selected_1_to_3,phenylacetate,54.0,44.12541208510535
ee_cis_percent,traditional_case3f_selected_1_to_3,para-CF3-benzoate,46.0,60.67781881428806
ee_cis_percent,traditional_case3f_selected_1_to_3,para-OMe-benzoate,42.0,57.65514923222151
ee_cis_percent,traditional_case3f_selected_1_to_3,para-tBu-benzoate,74.0,59.51165227790267
ee_cis_percent,traditional_case3f_selected_1_to_3,35-di-tBu-benzoate,78.0,75.80680801017235
ee_cis_percent,traditional_case3f_all_15,benzoate,57.0,43.726873020679285
ee_cis_percent,traditional_case3f_all_15,pivalate,10.0,49.62666223380887
ee_cis_percent,traditional_case3f_all_15,phenylacetate,54.0,43.0637656101434
ee_cis_percent,traditional_case3f_all_15,para-CF3-benzoate,46.0,58.28284023668648
ee_cis_percent,traditional_case3f_all_15,para-OMe-benzoate,42.0,54.078765276799466
ee_cis_percent,traditional_case3f_all_15,para-tBu-benzoate,74.0,42.934562254921154
ee_cis_percent,traditional_case3f_all_15,35-di-tBu-benzoate,78.0,77.56119416689862
