outcome,model,candidate_features,fixed_selected_features,r2_in_sample,fixed_subset_loo_r2,fixed_subset_loo_rmse,selection_and_hyperparameters
yield_percent,full_dynamic_d2_d3_pool,128,d2_angular_fingerprint_12_11;d3_changed_topographic_occupied_depth_area_fraction;d3_d2_delta_angular_fingerprint_12_10,0.9990386312386137,0.9940203377549434,1.4859615773732833,chosen using all seven outcomes
yield_percent,d3map_27_feature_core,27,d2_persistent_blocked_fraction;d3_changed_shielding_probability_area_fraction;d3_changed_topographic_contact_probability_area_fraction,0.9768991748100586,0.8244340019412287,8.051734721031579,chosen using all seven outcomes
yield_percent,traditional_case3f_selected_1_to_3,15,traditional_dbstep_L_A,0.0978178952541141,-0.31850821535973606,22.06534250288848,chosen using all seven outcomes
yield_percent,traditional_case3f_all_15,15,traditional_static_vbur_percent;traditional_static_g_percent;traditional_dbstep_vbur_percent;traditional_dbstep_L_A;traditional_dbstep_Bmin_A;traditional_dbstep_Bmax_A;traditional_morfeus_vbur_percent;traditional_morfeus_G_percent;traditional_morfeus_cone_angle_deg;traditional_morfeus_solid_angle_sr;traditional_morfeus_L_A;traditional_morfeus_B1_A;traditional_morfeus_B5_A;traditional_morfeus_SASA_A2;traditional_morfeus_SASA_volume_A3,0.07180841448064201,-0.5080635327131313,23.59821056901172,chosen using all seven outcomes
de_percent,full_dynamic_d2_d3_pool,128,d2_quadrant_mean_occupation_3;d3_d2_delta_persistent_blocked_fraction;d3_extended_g_percent_minimum,0.9989377140741796,0.9802282436172195,0.3312905419507879,chosen using all seven outcomes
de_percent,d3map_27_feature_core,27,d3_d2_delta_pocket_steric_entropy_sum;d3_changed_pocket_occupation_area_fraction;d3_changed_topographic_first_contact_q50_area_fraction,0.9916391463482661,0.9503500415490915,0.5249837451059329,chosen using all seven outcomes
de_percent,traditional_case3f_selected_1_to_3,15,traditional_morfeus_L_A,0.26732118443167374,-0.0022114819949170528,2.358664111281921,chosen using all seven outcomes
de_percent,traditional_case3f_all_15,15,traditional_static_vbur_percent;traditional_static_g_percent;traditional_dbstep_vbur_percent;traditional_dbstep_L_A;traditional_dbstep_Bmin_A;traditional_dbstep_Bmax_A;traditional_morfeus_vbur_percent;traditional_morfeus_G_percent;traditional_morfeus_cone_angle_deg;traditional_morfeus_solid_angle_sr;traditional_morfeus_L_A;traditional_morfeus_B1_A;traditional_morfeus_B5_A;traditional_morfeus_SASA_A2;traditional_morfeus_SASA_volume_A3,0.05368655603011985,-0.4893339267947976,2.875295293045195,chosen using all seven outcomes
ee_cis_percent,full_dynamic_d2_d3_pool,128,d2_displaced_vbur_mean_8;d2_quadrant_mean_occupation_2;d2_quadrant_mean_occupation_3,0.9996113975509132,0.9927413700914072,1.7893564391173489,chosen using all seven outcomes
ee_cis_percent,d3map_27_feature_core,27,d2_persistent_open_fraction;d3_delta_vbur_percent_mean;d2_displaced_vbur_mean_2,0.9973276905786417,0.9841470967132981,2.64438045534829,chosen using all seven outcomes
ee_cis_percent,traditional_case3f_selected_1_to_3,15,traditional_morfeus_L_A;traditional_morfeus_SASA_volume_A3,0.7705596829988003,0.1737728410437399,19.090586318745732,chosen using all seven outcomes
ee_cis_percent,traditional_case3f_all_15,15,traditional_static_vbur_percent;traditional_static_g_percent;traditional_dbstep_vbur_percent;traditional_dbstep_L_A;traditional_dbstep_Bmin_A;traditional_dbstep_Bmax_A;traditional_morfeus_vbur_percent;traditional_morfeus_G_percent;traditional_morfeus_cone_angle_deg;traditional_morfeus_solid_angle_sr;traditional_morfeus_L_A;traditional_morfeus_B1_A;traditional_morfeus_B5_A;traditional_morfeus_SASA_A2;traditional_morfeus_SASA_volume_A3,0.6104696094266877,-0.013069183391857031,21.139226198758493,chosen using all seven outcomes
