outcome,model,candidate_features,selected_features,in_sample_rmse,in_sample_r2,validation,validation_rmse,validation_r2,validation_coverage_95
yield_percent,d3map_27_feature_core,27,d2_persistent_blocked_fraction;d3_changed_shielding_probability_area_fraction;d3_changed_topographic_contact_probability_area_fraction,2.9206734301261568,0.9768991748100586,nested LOO,74.63139761381191,-14.083587375912103,0.14285714285714285
yield_percent,full_dynamic_d2_d3_pool,128,d2_angular_fingerprint_12_11;d3_changed_topographic_occupied_depth_area_fraction;d3_d2_delta_angular_fingerprint_12_10,0.5958188734589189,0.9990386312386137,fixed LOO,1.4859615773732833,0.9940203377549434,1.0
yield_percent,traditional_case3f_selected_1_to_3,15,traditional_dbstep_L_A,18.252247836559334,0.0978178952541141,nested LOO,92.02556854993763,-21.93393158395182,0.5714285714285714
yield_percent,traditional_case3f_all_15,15,traditional_static_vbur_percent;traditional_static_g_percent;traditional_dbstep_vbur_percent;traditional_dbstep_L_A;traditional_dbstep_Bmin_A;traditional_dbstep_Bmax_A;traditional_morfeus_vbur_percent;traditional_morfeus_G_percent;traditional_morfeus_cone_angle_deg;traditional_morfeus_solid_angle_sr;traditional_morfeus_L_A;traditional_morfeus_B1_A;traditional_morfeus_B5_A;traditional_morfeus_SASA_A2;traditional_morfeus_SASA_volume_A3,18.51348022299122,0.07180841448064201,nested LOO; all 15 fixed,23.59821056901172,-0.5080635327131313,1.0
de_percent,d3map_27_feature_core,27,d3_d2_delta_pocket_steric_entropy_sum;d3_changed_pocket_occupation_area_fraction;d3_changed_topographic_first_contact_q50_area_fraction,0.2154327487882029,0.9916391463482661,nested LOO,2.447622777665253,-0.07923531553508356,0.14285714285714285
de_percent,full_dynamic_d2_d3_pool,128,d2_quadrant_mean_occupation_3;d3_d2_delta_persistent_blocked_fraction;d3_extended_g_percent_minimum,0.07679043464868071,0.9989377140741796,fixed LOO,0.3312905419507879,0.9802282436172195,1.0
de_percent,traditional_case3f_selected_1_to_3,15,traditional_morfeus_L_A,2.016708967067055,0.26732118443167374,nested LOO,3.568362974388349,-1.293851108574624,0.7142857142857143
de_percent,traditional_case3f_all_15,15,traditional_static_vbur_percent;traditional_static_g_percent;traditional_dbstep_vbur_percent;traditional_dbstep_L_A;traditional_dbstep_Bmin_A;traditional_dbstep_Bmax_A;traditional_morfeus_vbur_percent;traditional_morfeus_G_percent;traditional_morfeus_cone_angle_deg;traditional_morfeus_solid_angle_sr;traditional_morfeus_L_A;traditional_morfeus_B1_A;traditional_morfeus_B5_A;traditional_morfeus_SASA_A2;traditional_morfeus_SASA_volume_A3,2.291943550787425,0.05368655603011985,nested LOO; all 15 fixed,2.875295293045195,-0.4893339267947976,1.0
ee_cis_percent,d3map_27_feature_core,27,d2_persistent_open_fraction;d3_delta_vbur_percent_mean;d2_displaced_vbur_mean_2,1.0857076675854622,0.9973276905786417,nested LOO,69.0996221362283,-9.824610492694879,0.14285714285714285
ee_cis_percent,full_dynamic_d2_d3_pool,128,d2_displaced_vbur_mean_8;d2_quadrant_mean_occupation_2;d2_quadrant_mean_occupation_3,0.4140209334784763,0.9996113975509132,fixed LOO,1.7893564391173489,0.9927413700914072,1.0
ee_cis_percent,traditional_case3f_selected_1_to_3,15,traditional_morfeus_L_A;traditional_morfeus_SASA_volume_A3,10.060148710370742,0.7705596829988003,nested LOO,35.52280600280553,-1.8607207166343516,0.2857142857142857
ee_cis_percent,traditional_case3f_all_15,15,traditional_static_vbur_percent;traditional_static_g_percent;traditional_dbstep_vbur_percent;traditional_dbstep_L_A;traditional_dbstep_Bmin_A;traditional_dbstep_Bmax_A;traditional_morfeus_vbur_percent;traditional_morfeus_G_percent;traditional_morfeus_cone_angle_deg;traditional_morfeus_solid_angle_sr;traditional_morfeus_L_A;traditional_morfeus_B1_A;traditional_morfeus_B5_A;traditional_morfeus_SASA_A2;traditional_morfeus_SASA_volume_A3,13.108113908639519,0.6104696094266877,nested LOO; all 15 fixed,25.56491275241762,-0.48166343286284463,0.7142857142857143
