system,frame,energy_hartree,status
benzoate,1,,not used for metadynamics trajectory populations
benzoate,2,,not used for metadynamics trajectory populations
benzoate,3,,not used for metadynamics trajectory populations
benzoate,4,,not used for metadynamics trajectory populations
benzoate,5,,not used for metadynamics trajectory populations
benzoate,6,,not used for metadynamics trajectory populations
benzoate,7,,not used for metadynamics trajectory populations
benzoate,8,,not used for metadynamics trajectory populations
benzoate,9,,not used for metadynamics trajectory populations
benzoate,10,,not used for metadynamics trajectory populations
benzoate,11,,not used for metadynamics trajectory populations
benzoate,12,,not used for metadynamics trajectory populations
benzoate,13,,not used for metadynamics trajectory populations
benzoate,14,,not used for metadynamics trajectory populations
benzoate,15,,not used for metadynamics trajectory populations
benzoate,16,,not used for metadynamics trajectory populations
benzoate,17,,not used for metadynamics trajectory populations
benzoate,18,,not used for metadynamics trajectory populations
benzoate,19,,not used for metadynamics trajectory populations
benzoate,20,,not used for metadynamics trajectory populations
benzoate,21,,not used for metadynamics trajectory populations
benzoate,22,,not used for metadynamics trajectory populations
benzoate,23,,not used for metadynamics trajectory populations
benzoate,24,,not used for metadynamics trajectory populations
benzoate,25,,not used for metadynamics trajectory populations
benzoate,26,,not used for metadynamics trajectory populations
benzoate,27,,not used for metadynamics trajectory populations
benzoate,28,,not used for metadynamics trajectory populations
benzoate,29,,not used for metadynamics trajectory populations
pivalate,1,,not used for metadynamics trajectory populations
pivalate,2,,not used for metadynamics trajectory populations
pivalate,3,,not used for metadynamics trajectory populations
pivalate,4,,not used for metadynamics trajectory populations
pivalate,5,,not used for metadynamics trajectory populations
pivalate,6,,not used for metadynamics trajectory populations
pivalate,7,,not used for metadynamics trajectory populations
pivalate,8,,not used for metadynamics trajectory populations
pivalate,9,,not used for metadynamics trajectory populations
pivalate,10,,not used for metadynamics trajectory populations
pivalate,11,,not used for metadynamics trajectory populations
pivalate,12,,not used for metadynamics trajectory populations
pivalate,13,,not used for metadynamics trajectory populations
pivalate,14,,not used for metadynamics trajectory populations
pivalate,15,,not used for metadynamics trajectory populations
pivalate,16,,not used for metadynamics trajectory populations
pivalate,17,,not used for metadynamics trajectory populations
pivalate,18,,not used for metadynamics trajectory populations
pivalate,19,,not used for metadynamics trajectory populations
pivalate,20,,not used for metadynamics trajectory populations
pivalate,21,,not used for metadynamics trajectory populations
pivalate,22,,not used for metadynamics trajectory populations
pivalate,23,,not used for metadynamics trajectory populations
pivalate,24,,not used for metadynamics trajectory populations
pivalate,25,,not used for metadynamics trajectory populations
pivalate,26,,not used for metadynamics trajectory populations
pivalate,27,,not used for metadynamics trajectory populations
pivalate,28,,not used for metadynamics trajectory populations
pivalate,29,,not used for metadynamics trajectory populations
pivalate,30,,not used for metadynamics trajectory populations
pivalate,31,,not used for metadynamics trajectory populations
pivalate,32,,not used for metadynamics trajectory populations
pivalate,33,,not used for metadynamics trajectory populations
pivalate,34,,not used for metadynamics trajectory populations
phenylacetate,1,,not used for metadynamics trajectory populations
phenylacetate,2,,not used for metadynamics trajectory populations
phenylacetate,3,,not used for metadynamics trajectory populations
phenylacetate,4,,not used for metadynamics trajectory populations
phenylacetate,5,,not used for metadynamics trajectory populations
phenylacetate,6,,not used for metadynamics trajectory populations
phenylacetate,7,,not used for metadynamics trajectory populations
phenylacetate,8,,not used for metadynamics trajectory populations
phenylacetate,9,,not used for metadynamics trajectory populations
phenylacetate,10,,not used for metadynamics trajectory populations
phenylacetate,11,,not used for metadynamics trajectory populations
phenylacetate,12,,not used for metadynamics trajectory populations
phenylacetate,13,,not used for metadynamics trajectory populations
phenylacetate,14,,not used for metadynamics trajectory populations
phenylacetate,15,,not used for metadynamics trajectory populations
phenylacetate,16,,not used for metadynamics trajectory populations
phenylacetate,17,,not used for metadynamics trajectory populations
phenylacetate,18,,not used for metadynamics trajectory populations
phenylacetate,19,,not used for metadynamics trajectory populations
phenylacetate,20,,not used for metadynamics trajectory populations
phenylacetate,21,,not used for metadynamics trajectory populations
phenylacetate,22,,not used for metadynamics trajectory populations
phenylacetate,23,,not used for metadynamics trajectory populations
phenylacetate,24,,not used for metadynamics trajectory populations
phenylacetate,25,,not used for metadynamics trajectory populations
phenylacetate,26,,not used for metadynamics trajectory populations
phenylacetate,27,,not used for metadynamics trajectory populations
phenylacetate,28,,not used for metadynamics trajectory populations
phenylacetate,29,,not used for metadynamics trajectory populations
phenylacetate,30,,not used for metadynamics trajectory populations
phenylacetate,31,,not used for metadynamics trajectory populations
phenylacetate,32,,not used for metadynamics trajectory populations
phenylacetate,33,,not used for metadynamics trajectory populations
para-CF3-benzoate,1,,not used for metadynamics trajectory populations
para-CF3-benzoate,2,,not used for metadynamics trajectory populations
para-CF3-benzoate,3,,not used for metadynamics trajectory populations
para-CF3-benzoate,4,,not used for metadynamics trajectory populations
para-CF3-benzoate,5,,not used for metadynamics trajectory populations
para-CF3-benzoate,6,,not used for metadynamics trajectory populations
para-CF3-benzoate,7,,not used for metadynamics trajectory populations
para-CF3-benzoate,8,,not used for metadynamics trajectory populations
para-CF3-benzoate,9,,not used for metadynamics trajectory populations
para-CF3-benzoate,10,,not used for metadynamics trajectory populations
para-CF3-benzoate,11,,not used for metadynamics trajectory populations
para-CF3-benzoate,12,,not used for metadynamics trajectory populations
para-CF3-benzoate,13,,not used for metadynamics trajectory populations
para-CF3-benzoate,14,,not used for metadynamics trajectory populations
para-CF3-benzoate,15,,not used for metadynamics trajectory populations
para-CF3-benzoate,16,,not used for metadynamics trajectory populations
para-CF3-benzoate,17,,not used for metadynamics trajectory populations
para-CF3-benzoate,18,,not used for metadynamics trajectory populations
para-CF3-benzoate,19,,not used for metadynamics trajectory populations
para-CF3-benzoate,20,,not used for metadynamics trajectory populations
para-CF3-benzoate,21,,not used for metadynamics trajectory populations
para-CF3-benzoate,22,,not used for metadynamics trajectory populations
para-CF3-benzoate,23,,not used for metadynamics trajectory populations
para-CF3-benzoate,24,,not used for metadynamics trajectory populations
para-CF3-benzoate,25,,not used for metadynamics trajectory populations
para-CF3-benzoate,26,,not used for metadynamics trajectory populations
para-CF3-benzoate,27,,not used for metadynamics trajectory populations
para-CF3-benzoate,28,,not used for metadynamics trajectory populations
para-CF3-benzoate,29,,not used for metadynamics trajectory populations
para-CF3-benzoate,30,,not used for metadynamics trajectory populations
para-CF3-benzoate,31,,not used for metadynamics trajectory populations
para-CF3-benzoate,32,,not used for metadynamics trajectory populations
para-CF3-benzoate,33,,not used for metadynamics trajectory populations
para-CF3-benzoate,34,,not used for metadynamics trajectory populations
para-CF3-benzoate,35,,not used for metadynamics trajectory populations
para-CF3-benzoate,36,,not used for metadynamics trajectory populations
para-CF3-benzoate,37,,not used for metadynamics trajectory populations
para-CF3-benzoate,38,,not used for metadynamics trajectory populations
para-CF3-benzoate,39,,not used for metadynamics trajectory populations
para-CF3-benzoate,40,,not used for metadynamics trajectory populations
para-CF3-benzoate,41,,not used for metadynamics trajectory populations
para-CF3-benzoate,42,,not used for metadynamics trajectory populations
para-CF3-benzoate,43,,not used for metadynamics trajectory populations
para-CF3-benzoate,44,,not used for metadynamics trajectory populations
para-CF3-benzoate,45,,not used for metadynamics trajectory populations
para-CF3-benzoate,46,,not used for metadynamics trajectory populations
para-CF3-benzoate,47,,not used for metadynamics trajectory populations
para-CF3-benzoate,48,,not used for metadynamics trajectory populations
para-CF3-benzoate,49,,not used for metadynamics trajectory populations
para-CF3-benzoate,50,,not used for metadynamics trajectory populations
para-CF3-benzoate,51,,not used for metadynamics trajectory populations
para-CF3-benzoate,52,,not used for metadynamics trajectory populations
para-CF3-benzoate,53,,not used for metadynamics trajectory populations
para-CF3-benzoate,54,,not used for metadynamics trajectory populations
para-CF3-benzoate,55,,not used for metadynamics trajectory populations
para-CF3-benzoate,56,,not used for metadynamics trajectory populations
para-CF3-benzoate,57,,not used for metadynamics trajectory populations
para-CF3-benzoate,58,,not used for metadynamics trajectory populations
para-CF3-benzoate,59,,not used for metadynamics trajectory populations
para-CF3-benzoate,60,,not used for metadynamics trajectory populations
para-CF3-benzoate,61,,not used for metadynamics trajectory populations
para-CF3-benzoate,62,,not used for metadynamics trajectory populations
para-CF3-benzoate,63,,not used for metadynamics trajectory populations
para-OMe-benzoate,1,,not used for metadynamics trajectory populations
para-OMe-benzoate,2,,not used for metadynamics trajectory populations
para-OMe-benzoate,3,,not used for metadynamics trajectory populations
para-OMe-benzoate,4,,not used for metadynamics trajectory populations
para-OMe-benzoate,5,,not used for metadynamics trajectory populations
para-OMe-benzoate,6,,not used for metadynamics trajectory populations
para-OMe-benzoate,7,,not used for metadynamics trajectory populations
para-OMe-benzoate,8,,not used for metadynamics trajectory populations
para-OMe-benzoate,9,,not used for metadynamics trajectory populations
para-OMe-benzoate,10,,not used for metadynamics trajectory populations
para-OMe-benzoate,11,,not used for metadynamics trajectory populations
para-OMe-benzoate,12,,not used for metadynamics trajectory populations
para-OMe-benzoate,13,,not used for metadynamics trajectory populations
para-OMe-benzoate,14,,not used for metadynamics trajectory populations
para-OMe-benzoate,15,,not used for metadynamics trajectory populations
para-OMe-benzoate,16,,not used for metadynamics trajectory populations
para-OMe-benzoate,17,,not used for metadynamics trajectory populations
para-OMe-benzoate,18,,not used for metadynamics trajectory populations
para-OMe-benzoate,19,,not used for metadynamics trajectory populations
para-OMe-benzoate,20,,not used for metadynamics trajectory populations
para-OMe-benzoate,21,,not used for metadynamics trajectory populations
para-OMe-benzoate,22,,not used for metadynamics trajectory populations
para-OMe-benzoate,23,,not used for metadynamics trajectory populations
para-OMe-benzoate,24,,not used for metadynamics trajectory populations
para-OMe-benzoate,25,,not used for metadynamics trajectory populations
para-OMe-benzoate,26,,not used for metadynamics trajectory populations
para-OMe-benzoate,27,,not used for metadynamics trajectory populations
para-OMe-benzoate,28,,not used for metadynamics trajectory populations
para-OMe-benzoate,29,,not used for metadynamics trajectory populations
para-OMe-benzoate,30,,not used for metadynamics trajectory populations
para-OMe-benzoate,31,,not used for metadynamics trajectory populations
para-OMe-benzoate,32,,not used for metadynamics trajectory populations
para-OMe-benzoate,33,,not used for metadynamics trajectory populations
para-OMe-benzoate,34,,not used for metadynamics trajectory populations
para-OMe-benzoate,35,,not used for metadynamics trajectory populations
para-OMe-benzoate,36,,not used for metadynamics trajectory populations
para-OMe-benzoate,37,,not used for metadynamics trajectory populations
para-OMe-benzoate,38,,not used for metadynamics trajectory populations
para-OMe-benzoate,39,,not used for metadynamics trajectory populations
para-OMe-benzoate,40,,not used for metadynamics trajectory populations
para-OMe-benzoate,41,,not used for metadynamics trajectory populations
para-OMe-benzoate,42,,not used for metadynamics trajectory populations
para-OMe-benzoate,43,,not used for metadynamics trajectory populations
para-OMe-benzoate,44,,not used for metadynamics trajectory populations
para-OMe-benzoate,45,,not used for metadynamics trajectory populations
para-OMe-benzoate,46,,not used for metadynamics trajectory populations
para-OMe-benzoate,47,,not used for metadynamics trajectory populations
para-OMe-benzoate,48,,not used for metadynamics trajectory populations
para-tBu-benzoate,1,,not used for metadynamics trajectory populations
para-tBu-benzoate,2,,not used for metadynamics trajectory populations
para-tBu-benzoate,3,,not used for metadynamics trajectory populations
para-tBu-benzoate,4,,not used for metadynamics trajectory populations
para-tBu-benzoate,5,,not used for metadynamics trajectory populations
para-tBu-benzoate,6,,not used for metadynamics trajectory populations
para-tBu-benzoate,7,,not used for metadynamics trajectory populations
para-tBu-benzoate,8,,not used for metadynamics trajectory populations
para-tBu-benzoate,9,,not used for metadynamics trajectory populations
para-tBu-benzoate,10,,not used for metadynamics trajectory populations
para-tBu-benzoate,11,,not used for metadynamics trajectory populations
para-tBu-benzoate,12,,not used for metadynamics trajectory populations
para-tBu-benzoate,13,,not used for metadynamics trajectory populations
para-tBu-benzoate,14,,not used for metadynamics trajectory populations
para-tBu-benzoate,15,,not used for metadynamics trajectory populations
para-tBu-benzoate,16,,not used for metadynamics trajectory populations
para-tBu-benzoate,17,,not used for metadynamics trajectory populations
para-tBu-benzoate,18,,not used for metadynamics trajectory populations
para-tBu-benzoate,19,,not used for metadynamics trajectory populations
para-tBu-benzoate,20,,not used for metadynamics trajectory populations
para-tBu-benzoate,21,,not used for metadynamics trajectory populations
para-tBu-benzoate,22,,not used for metadynamics trajectory populations
para-tBu-benzoate,23,,not used for metadynamics trajectory populations
para-tBu-benzoate,24,,not used for metadynamics trajectory populations
para-tBu-benzoate,25,,not used for metadynamics trajectory populations
para-tBu-benzoate,26,,not used for metadynamics trajectory populations
para-tBu-benzoate,27,,not used for metadynamics trajectory populations
para-tBu-benzoate,28,,not used for metadynamics trajectory populations
para-tBu-benzoate,29,,not used for metadynamics trajectory populations
para-tBu-benzoate,30,,not used for metadynamics trajectory populations
para-tBu-benzoate,31,,not used for metadynamics trajectory populations
para-tBu-benzoate,32,,not used for metadynamics trajectory populations
para-tBu-benzoate,33,,not used for metadynamics trajectory populations
para-tBu-benzoate,34,,not used for metadynamics trajectory populations
para-tBu-benzoate,35,,not used for metadynamics trajectory populations
para-tBu-benzoate,36,,not used for metadynamics trajectory populations
para-tBu-benzoate,37,,not used for metadynamics trajectory populations
para-tBu-benzoate,38,,not used for metadynamics trajectory populations
para-tBu-benzoate,39,,not used for metadynamics trajectory populations
para-tBu-benzoate,40,,not used for metadynamics trajectory populations
para-tBu-benzoate,41,,not used for metadynamics trajectory populations
para-tBu-benzoate,42,,not used for metadynamics trajectory populations
para-tBu-benzoate,43,,not used for metadynamics trajectory populations
para-tBu-benzoate,44,,not used for metadynamics trajectory populations
para-tBu-benzoate,45,,not used for metadynamics trajectory populations
para-tBu-benzoate,46,,not used for metadynamics trajectory populations
para-tBu-benzoate,47,,not used for metadynamics trajectory populations
para-tBu-benzoate,48,,not used for metadynamics trajectory populations
para-tBu-benzoate,49,,not used for metadynamics trajectory populations
para-tBu-benzoate,50,,not used for metadynamics trajectory populations
para-tBu-benzoate,51,,not used for metadynamics trajectory populations
para-tBu-benzoate,52,,not used for metadynamics trajectory populations
para-tBu-benzoate,53,,not used for metadynamics trajectory populations
para-tBu-benzoate,54,,not used for metadynamics trajectory populations
para-tBu-benzoate,55,,not used for metadynamics trajectory populations
para-tBu-benzoate,56,,not used for metadynamics trajectory populations
para-tBu-benzoate,57,,not used for metadynamics trajectory populations
para-tBu-benzoate,58,,not used for metadynamics trajectory populations
para-tBu-benzoate,59,,not used for metadynamics trajectory populations
para-tBu-benzoate,60,,not used for metadynamics trajectory populations
para-tBu-benzoate,61,,not used for metadynamics trajectory populations
para-tBu-benzoate,62,,not used for metadynamics trajectory populations
para-tBu-benzoate,63,,not used for metadynamics trajectory populations
para-tBu-benzoate,64,,not used for metadynamics trajectory populations
para-tBu-benzoate,65,,not used for metadynamics trajectory populations
para-tBu-benzoate,66,,not used for metadynamics trajectory populations
para-tBu-benzoate,67,,not used for metadynamics trajectory populations
para-tBu-benzoate,68,,not used for metadynamics trajectory populations
para-tBu-benzoate,69,,not used for metadynamics trajectory populations
para-tBu-benzoate,70,,not used for metadynamics trajectory populations
para-tBu-benzoate,71,,not used for metadynamics trajectory populations
para-tBu-benzoate,72,,not used for metadynamics trajectory populations
para-tBu-benzoate,73,,not used for metadynamics trajectory populations
para-tBu-benzoate,74,,not used for metadynamics trajectory populations
para-tBu-benzoate,75,,not used for metadynamics trajectory populations
35-di-tBu-benzoate,1,,not used for metadynamics trajectory populations
35-di-tBu-benzoate,2,,not used for metadynamics trajectory populations
35-di-tBu-benzoate,3,,not used for metadynamics trajectory populations
35-di-tBu-benzoate,4,,not used for metadynamics trajectory populations
35-di-tBu-benzoate,5,,not used for metadynamics trajectory populations
35-di-tBu-benzoate,6,,not used for metadynamics trajectory populations
35-di-tBu-benzoate,7,,not used for metadynamics trajectory populations
35-di-tBu-benzoate,8,,not used for metadynamics trajectory populations
35-di-tBu-benzoate,9,,not used for metadynamics trajectory populations
35-di-tBu-benzoate,10,,not used for metadynamics trajectory populations
35-di-tBu-benzoate,11,,not used for metadynamics trajectory populations
35-di-tBu-benzoate,12,,not used for metadynamics trajectory populations
35-di-tBu-benzoate,13,,not used for metadynamics trajectory populations
35-di-tBu-benzoate,14,,not used for metadynamics trajectory populations
35-di-tBu-benzoate,15,,not used for metadynamics trajectory populations
35-di-tBu-benzoate,16,,not used for metadynamics trajectory populations
35-di-tBu-benzoate,17,,not used for metadynamics trajectory populations
35-di-tBu-benzoate,18,,not used for metadynamics trajectory populations
35-di-tBu-benzoate,19,,not used for metadynamics trajectory populations
35-di-tBu-benzoate,20,,not used for metadynamics trajectory populations
35-di-tBu-benzoate,21,,not used for metadynamics trajectory populations
35-di-tBu-benzoate,22,,not used for metadynamics trajectory populations
35-di-tBu-benzoate,23,,not used for metadynamics trajectory populations
35-di-tBu-benzoate,24,,not used for metadynamics trajectory populations
35-di-tBu-benzoate,25,,not used for metadynamics trajectory populations
35-di-tBu-benzoate,26,,not used for metadynamics trajectory populations
35-di-tBu-benzoate,27,,not used for metadynamics trajectory populations
35-di-tBu-benzoate,28,,not used for metadynamics trajectory populations
35-di-tBu-benzoate,29,,not used for metadynamics trajectory populations
common-core-R-H-reference,1,,not used for metadynamics trajectory populations
common-core-R-H-reference,2,,not used for metadynamics trajectory populations
common-core-R-H-reference,3,,not used for metadynamics trajectory populations
common-core-R-H-reference,4,,not used for metadynamics trajectory populations
common-core-R-H-reference,5,,not used for metadynamics trajectory populations
common-core-R-H-reference,6,,not used for metadynamics trajectory populations
common-core-R-H-reference,7,,not used for metadynamics trajectory populations
common-core-R-H-reference,8,,not used for metadynamics trajectory populations
common-core-R-H-reference,9,,not used for metadynamics trajectory populations
common-core-R-H-reference,10,,not used for metadynamics trajectory populations
common-core-R-H-reference,11,,not used for metadynamics trajectory populations
common-core-R-H-reference,12,,not used for metadynamics trajectory populations
common-core-R-H-reference,13,,not used for metadynamics trajectory populations
common-core-R-H-reference,14,,not used for metadynamics trajectory populations
common-core-R-H-reference,15,,not used for metadynamics trajectory populations
common-core-R-H-reference,16,,not used for metadynamics trajectory populations
common-core-R-H-reference,17,,not used for metadynamics trajectory populations
common-core-R-H-reference,18,,not used for metadynamics trajectory populations
common-core-R-H-reference,19,,not used for metadynamics trajectory populations
common-core-R-H-reference,20,,not used for metadynamics trajectory populations
common-core-R-H-reference,21,,not used for metadynamics trajectory populations
common-core-R-H-reference,22,,not used for metadynamics trajectory populations
common-core-R-H-reference,23,,not used for metadynamics trajectory populations
common-core-R-H-reference,24,,not used for metadynamics trajectory populations
common-core-R-H-reference,25,,not used for metadynamics trajectory populations
common-core-R-H-reference,26,,not used for metadynamics trajectory populations
common-core-R-H-reference,27,,not used for metadynamics trajectory populations
common-core-R-H-reference,28,,not used for metadynamics trajectory populations
common-core-R-H-reference,29,,not used for metadynamics trajectory populations
common-core-R-H-reference,30,,not used for metadynamics trajectory populations
common-core-R-H-reference,31,,not used for metadynamics trajectory populations
common-core-R-H-reference,32,,not used for metadynamics trajectory populations
common-core-R-H-reference,33,,not used for metadynamics trajectory populations
common-core-R-H-reference,34,,not used for metadynamics trajectory populations
