system,frame,status
benzoate,1,included in archived map/trajectory weights
benzoate,2,included in archived map/trajectory weights
benzoate,3,included in archived map/trajectory weights
benzoate,4,included in archived map/trajectory weights
benzoate,5,included in archived map/trajectory weights
benzoate,6,included in archived map/trajectory weights
benzoate,7,included in archived map/trajectory weights
benzoate,8,included in archived map/trajectory weights
benzoate,9,included in archived map/trajectory weights
benzoate,10,included in archived map/trajectory weights
benzoate,11,included in archived map/trajectory weights
benzoate,12,included in archived map/trajectory weights
benzoate,13,included in archived map/trajectory weights
benzoate,14,included in archived map/trajectory weights
benzoate,15,included in archived map/trajectory weights
benzoate,16,included in archived map/trajectory weights
benzoate,17,included in archived map/trajectory weights
benzoate,18,included in archived map/trajectory weights
benzoate,19,included in archived map/trajectory weights
benzoate,20,included in archived map/trajectory weights
benzoate,21,included in archived map/trajectory weights
benzoate,22,included in archived map/trajectory weights
benzoate,23,included in archived map/trajectory weights
benzoate,24,included in archived map/trajectory weights
benzoate,25,included in archived map/trajectory weights
benzoate,26,included in archived map/trajectory weights
benzoate,27,included in archived map/trajectory weights
benzoate,28,included in archived map/trajectory weights
benzoate,29,included in archived map/trajectory weights
pivalate,1,included in archived map/trajectory weights
pivalate,2,included in archived map/trajectory weights
pivalate,3,included in archived map/trajectory weights
pivalate,4,included in archived map/trajectory weights
pivalate,5,included in archived map/trajectory weights
pivalate,6,included in archived map/trajectory weights
pivalate,7,included in archived map/trajectory weights
pivalate,8,included in archived map/trajectory weights
pivalate,9,included in archived map/trajectory weights
pivalate,10,included in archived map/trajectory weights
pivalate,11,included in archived map/trajectory weights
pivalate,12,included in archived map/trajectory weights
pivalate,13,included in archived map/trajectory weights
pivalate,14,included in archived map/trajectory weights
pivalate,15,included in archived map/trajectory weights
pivalate,16,included in archived map/trajectory weights
pivalate,17,included in archived map/trajectory weights
pivalate,18,included in archived map/trajectory weights
pivalate,19,included in archived map/trajectory weights
pivalate,20,included in archived map/trajectory weights
pivalate,21,included in archived map/trajectory weights
pivalate,22,included in archived map/trajectory weights
pivalate,23,included in archived map/trajectory weights
pivalate,24,included in archived map/trajectory weights
pivalate,25,included in archived map/trajectory weights
pivalate,26,included in archived map/trajectory weights
pivalate,27,included in archived map/trajectory weights
pivalate,28,included in archived map/trajectory weights
pivalate,29,included in archived map/trajectory weights
pivalate,30,included in archived map/trajectory weights
pivalate,31,included in archived map/trajectory weights
pivalate,32,included in archived map/trajectory weights
pivalate,33,included in archived map/trajectory weights
pivalate,34,included in archived map/trajectory weights
phenylacetate,1,included in archived map/trajectory weights
phenylacetate,2,included in archived map/trajectory weights
phenylacetate,3,included in archived map/trajectory weights
phenylacetate,4,included in archived map/trajectory weights
phenylacetate,5,included in archived map/trajectory weights
phenylacetate,6,included in archived map/trajectory weights
phenylacetate,7,included in archived map/trajectory weights
phenylacetate,8,included in archived map/trajectory weights
phenylacetate,9,included in archived map/trajectory weights
phenylacetate,10,included in archived map/trajectory weights
phenylacetate,11,included in archived map/trajectory weights
phenylacetate,12,included in archived map/trajectory weights
phenylacetate,13,included in archived map/trajectory weights
phenylacetate,14,included in archived map/trajectory weights
phenylacetate,15,included in archived map/trajectory weights
phenylacetate,16,included in archived map/trajectory weights
phenylacetate,17,included in archived map/trajectory weights
phenylacetate,18,included in archived map/trajectory weights
phenylacetate,19,included in archived map/trajectory weights
phenylacetate,20,included in archived map/trajectory weights
phenylacetate,21,included in archived map/trajectory weights
phenylacetate,22,included in archived map/trajectory weights
phenylacetate,23,included in archived map/trajectory weights
phenylacetate,24,included in archived map/trajectory weights
phenylacetate,25,included in archived map/trajectory weights
phenylacetate,26,included in archived map/trajectory weights
phenylacetate,27,included in archived map/trajectory weights
phenylacetate,28,included in archived map/trajectory weights
phenylacetate,29,included in archived map/trajectory weights
phenylacetate,30,included in archived map/trajectory weights
phenylacetate,31,included in archived map/trajectory weights
phenylacetate,32,included in archived map/trajectory weights
phenylacetate,33,included in archived map/trajectory weights
para-CF3-benzoate,1,included in archived map/trajectory weights
para-CF3-benzoate,2,included in archived map/trajectory weights
para-CF3-benzoate,3,included in archived map/trajectory weights
para-CF3-benzoate,4,included in archived map/trajectory weights
para-CF3-benzoate,5,included in archived map/trajectory weights
para-CF3-benzoate,6,included in archived map/trajectory weights
para-CF3-benzoate,7,included in archived map/trajectory weights
para-CF3-benzoate,8,included in archived map/trajectory weights
para-CF3-benzoate,9,included in archived map/trajectory weights
para-CF3-benzoate,10,included in archived map/trajectory weights
para-CF3-benzoate,11,included in archived map/trajectory weights
para-CF3-benzoate,12,included in archived map/trajectory weights
para-CF3-benzoate,13,included in archived map/trajectory weights
para-CF3-benzoate,14,included in archived map/trajectory weights
para-CF3-benzoate,15,included in archived map/trajectory weights
para-CF3-benzoate,16,included in archived map/trajectory weights
para-CF3-benzoate,17,included in archived map/trajectory weights
para-CF3-benzoate,18,included in archived map/trajectory weights
para-CF3-benzoate,19,included in archived map/trajectory weights
para-CF3-benzoate,20,included in archived map/trajectory weights
para-CF3-benzoate,21,included in archived map/trajectory weights
para-CF3-benzoate,22,included in archived map/trajectory weights
para-CF3-benzoate,23,included in archived map/trajectory weights
para-CF3-benzoate,24,included in archived map/trajectory weights
para-CF3-benzoate,25,included in archived map/trajectory weights
para-CF3-benzoate,26,included in archived map/trajectory weights
para-CF3-benzoate,27,included in archived map/trajectory weights
para-CF3-benzoate,28,included in archived map/trajectory weights
para-CF3-benzoate,29,included in archived map/trajectory weights
para-CF3-benzoate,30,included in archived map/trajectory weights
para-CF3-benzoate,31,included in archived map/trajectory weights
para-CF3-benzoate,32,included in archived map/trajectory weights
para-CF3-benzoate,33,included in archived map/trajectory weights
para-CF3-benzoate,34,included in archived map/trajectory weights
para-CF3-benzoate,35,included in archived map/trajectory weights
para-CF3-benzoate,36,included in archived map/trajectory weights
para-CF3-benzoate,37,included in archived map/trajectory weights
para-CF3-benzoate,38,included in archived map/trajectory weights
para-CF3-benzoate,39,included in archived map/trajectory weights
para-CF3-benzoate,40,included in archived map/trajectory weights
para-CF3-benzoate,41,included in archived map/trajectory weights
para-CF3-benzoate,42,included in archived map/trajectory weights
para-CF3-benzoate,43,included in archived map/trajectory weights
para-CF3-benzoate,44,included in archived map/trajectory weights
para-CF3-benzoate,45,included in archived map/trajectory weights
para-CF3-benzoate,46,included in archived map/trajectory weights
para-CF3-benzoate,47,included in archived map/trajectory weights
para-CF3-benzoate,48,included in archived map/trajectory weights
para-CF3-benzoate,49,included in archived map/trajectory weights
para-CF3-benzoate,50,included in archived map/trajectory weights
para-CF3-benzoate,51,included in archived map/trajectory weights
para-CF3-benzoate,52,included in archived map/trajectory weights
para-CF3-benzoate,53,included in archived map/trajectory weights
para-CF3-benzoate,54,included in archived map/trajectory weights
para-CF3-benzoate,55,included in archived map/trajectory weights
para-CF3-benzoate,56,included in archived map/trajectory weights
para-CF3-benzoate,57,included in archived map/trajectory weights
para-CF3-benzoate,58,included in archived map/trajectory weights
para-CF3-benzoate,59,included in archived map/trajectory weights
para-CF3-benzoate,60,included in archived map/trajectory weights
para-CF3-benzoate,61,included in archived map/trajectory weights
para-CF3-benzoate,62,included in archived map/trajectory weights
para-CF3-benzoate,63,included in archived map/trajectory weights
para-OMe-benzoate,1,included in archived map/trajectory weights
para-OMe-benzoate,2,included in archived map/trajectory weights
para-OMe-benzoate,3,included in archived map/trajectory weights
para-OMe-benzoate,4,included in archived map/trajectory weights
para-OMe-benzoate,5,included in archived map/trajectory weights
para-OMe-benzoate,6,included in archived map/trajectory weights
para-OMe-benzoate,7,included in archived map/trajectory weights
para-OMe-benzoate,8,included in archived map/trajectory weights
para-OMe-benzoate,9,included in archived map/trajectory weights
para-OMe-benzoate,10,included in archived map/trajectory weights
para-OMe-benzoate,11,included in archived map/trajectory weights
para-OMe-benzoate,12,included in archived map/trajectory weights
para-OMe-benzoate,13,included in archived map/trajectory weights
para-OMe-benzoate,14,included in archived map/trajectory weights
para-OMe-benzoate,15,included in archived map/trajectory weights
para-OMe-benzoate,16,included in archived map/trajectory weights
para-OMe-benzoate,17,included in archived map/trajectory weights
para-OMe-benzoate,18,included in archived map/trajectory weights
para-OMe-benzoate,19,included in archived map/trajectory weights
para-OMe-benzoate,20,included in archived map/trajectory weights
para-OMe-benzoate,21,included in archived map/trajectory weights
para-OMe-benzoate,22,included in archived map/trajectory weights
para-OMe-benzoate,23,included in archived map/trajectory weights
para-OMe-benzoate,24,included in archived map/trajectory weights
para-OMe-benzoate,25,included in archived map/trajectory weights
para-OMe-benzoate,26,included in archived map/trajectory weights
para-OMe-benzoate,27,included in archived map/trajectory weights
para-OMe-benzoate,28,included in archived map/trajectory weights
para-OMe-benzoate,29,included in archived map/trajectory weights
para-OMe-benzoate,30,included in archived map/trajectory weights
para-OMe-benzoate,31,included in archived map/trajectory weights
para-OMe-benzoate,32,included in archived map/trajectory weights
para-OMe-benzoate,33,included in archived map/trajectory weights
para-OMe-benzoate,34,included in archived map/trajectory weights
para-OMe-benzoate,35,included in archived map/trajectory weights
para-OMe-benzoate,36,included in archived map/trajectory weights
para-OMe-benzoate,37,included in archived map/trajectory weights
para-OMe-benzoate,38,included in archived map/trajectory weights
para-OMe-benzoate,39,included in archived map/trajectory weights
para-OMe-benzoate,40,included in archived map/trajectory weights
para-OMe-benzoate,41,included in archived map/trajectory weights
para-OMe-benzoate,42,included in archived map/trajectory weights
para-OMe-benzoate,43,included in archived map/trajectory weights
para-OMe-benzoate,44,included in archived map/trajectory weights
para-OMe-benzoate,45,included in archived map/trajectory weights
para-OMe-benzoate,46,included in archived map/trajectory weights
para-OMe-benzoate,47,included in archived map/trajectory weights
para-OMe-benzoate,48,included in archived map/trajectory weights
para-tBu-benzoate,1,included in archived map/trajectory weights
para-tBu-benzoate,2,included in archived map/trajectory weights
para-tBu-benzoate,3,included in archived map/trajectory weights
para-tBu-benzoate,4,included in archived map/trajectory weights
para-tBu-benzoate,5,included in archived map/trajectory weights
para-tBu-benzoate,6,included in archived map/trajectory weights
para-tBu-benzoate,7,included in archived map/trajectory weights
para-tBu-benzoate,8,included in archived map/trajectory weights
para-tBu-benzoate,9,included in archived map/trajectory weights
para-tBu-benzoate,10,included in archived map/trajectory weights
para-tBu-benzoate,11,included in archived map/trajectory weights
para-tBu-benzoate,12,included in archived map/trajectory weights
para-tBu-benzoate,13,included in archived map/trajectory weights
para-tBu-benzoate,14,included in archived map/trajectory weights
para-tBu-benzoate,15,included in archived map/trajectory weights
para-tBu-benzoate,16,included in archived map/trajectory weights
para-tBu-benzoate,17,included in archived map/trajectory weights
para-tBu-benzoate,18,included in archived map/trajectory weights
para-tBu-benzoate,19,included in archived map/trajectory weights
para-tBu-benzoate,20,included in archived map/trajectory weights
para-tBu-benzoate,21,included in archived map/trajectory weights
para-tBu-benzoate,22,included in archived map/trajectory weights
para-tBu-benzoate,23,included in archived map/trajectory weights
para-tBu-benzoate,24,included in archived map/trajectory weights
para-tBu-benzoate,25,included in archived map/trajectory weights
para-tBu-benzoate,26,included in archived map/trajectory weights
para-tBu-benzoate,27,included in archived map/trajectory weights
para-tBu-benzoate,28,included in archived map/trajectory weights
para-tBu-benzoate,29,included in archived map/trajectory weights
para-tBu-benzoate,30,included in archived map/trajectory weights
para-tBu-benzoate,31,included in archived map/trajectory weights
para-tBu-benzoate,32,included in archived map/trajectory weights
para-tBu-benzoate,33,included in archived map/trajectory weights
para-tBu-benzoate,34,included in archived map/trajectory weights
para-tBu-benzoate,35,included in archived map/trajectory weights
para-tBu-benzoate,36,included in archived map/trajectory weights
para-tBu-benzoate,37,included in archived map/trajectory weights
para-tBu-benzoate,38,included in archived map/trajectory weights
para-tBu-benzoate,39,included in archived map/trajectory weights
para-tBu-benzoate,40,included in archived map/trajectory weights
para-tBu-benzoate,41,included in archived map/trajectory weights
para-tBu-benzoate,42,included in archived map/trajectory weights
para-tBu-benzoate,43,included in archived map/trajectory weights
para-tBu-benzoate,44,included in archived map/trajectory weights
para-tBu-benzoate,45,included in archived map/trajectory weights
para-tBu-benzoate,46,included in archived map/trajectory weights
para-tBu-benzoate,47,included in archived map/trajectory weights
para-tBu-benzoate,48,included in archived map/trajectory weights
para-tBu-benzoate,49,included in archived map/trajectory weights
para-tBu-benzoate,50,included in archived map/trajectory weights
para-tBu-benzoate,51,included in archived map/trajectory weights
para-tBu-benzoate,52,included in archived map/trajectory weights
para-tBu-benzoate,53,included in archived map/trajectory weights
para-tBu-benzoate,54,included in archived map/trajectory weights
para-tBu-benzoate,55,included in archived map/trajectory weights
para-tBu-benzoate,56,included in archived map/trajectory weights
para-tBu-benzoate,57,included in archived map/trajectory weights
para-tBu-benzoate,58,included in archived map/trajectory weights
para-tBu-benzoate,59,included in archived map/trajectory weights
para-tBu-benzoate,60,included in archived map/trajectory weights
para-tBu-benzoate,61,included in archived map/trajectory weights
para-tBu-benzoate,62,included in archived map/trajectory weights
para-tBu-benzoate,63,included in archived map/trajectory weights
para-tBu-benzoate,64,included in archived map/trajectory weights
para-tBu-benzoate,65,included in archived map/trajectory weights
para-tBu-benzoate,66,included in archived map/trajectory weights
para-tBu-benzoate,67,included in archived map/trajectory weights
para-tBu-benzoate,68,included in archived map/trajectory weights
para-tBu-benzoate,69,included in archived map/trajectory weights
para-tBu-benzoate,70,included in archived map/trajectory weights
para-tBu-benzoate,71,included in archived map/trajectory weights
para-tBu-benzoate,72,included in archived map/trajectory weights
para-tBu-benzoate,73,included in archived map/trajectory weights
para-tBu-benzoate,74,included in archived map/trajectory weights
para-tBu-benzoate,75,included in archived map/trajectory weights
35-di-tBu-benzoate,1,included in archived map/trajectory weights
35-di-tBu-benzoate,2,included in archived map/trajectory weights
35-di-tBu-benzoate,3,included in archived map/trajectory weights
35-di-tBu-benzoate,4,included in archived map/trajectory weights
35-di-tBu-benzoate,5,included in archived map/trajectory weights
35-di-tBu-benzoate,6,included in archived map/trajectory weights
35-di-tBu-benzoate,7,included in archived map/trajectory weights
35-di-tBu-benzoate,8,included in archived map/trajectory weights
35-di-tBu-benzoate,9,included in archived map/trajectory weights
35-di-tBu-benzoate,10,included in archived map/trajectory weights
35-di-tBu-benzoate,11,included in archived map/trajectory weights
35-di-tBu-benzoate,12,included in archived map/trajectory weights
35-di-tBu-benzoate,13,included in archived map/trajectory weights
35-di-tBu-benzoate,14,included in archived map/trajectory weights
35-di-tBu-benzoate,15,included in archived map/trajectory weights
35-di-tBu-benzoate,16,included in archived map/trajectory weights
35-di-tBu-benzoate,17,included in archived map/trajectory weights
35-di-tBu-benzoate,18,included in archived map/trajectory weights
35-di-tBu-benzoate,19,included in archived map/trajectory weights
35-di-tBu-benzoate,20,included in archived map/trajectory weights
35-di-tBu-benzoate,21,included in archived map/trajectory weights
35-di-tBu-benzoate,22,included in archived map/trajectory weights
35-di-tBu-benzoate,23,included in archived map/trajectory weights
35-di-tBu-benzoate,24,included in archived map/trajectory weights
35-di-tBu-benzoate,25,included in archived map/trajectory weights
35-di-tBu-benzoate,26,included in archived map/trajectory weights
35-di-tBu-benzoate,27,included in archived map/trajectory weights
35-di-tBu-benzoate,28,included in archived map/trajectory weights
35-di-tBu-benzoate,29,included in archived map/trajectory weights
common-core-R-H-reference,1,included in archived map/trajectory weights
common-core-R-H-reference,2,included in archived map/trajectory weights
common-core-R-H-reference,3,included in archived map/trajectory weights
common-core-R-H-reference,4,included in archived map/trajectory weights
common-core-R-H-reference,5,included in archived map/trajectory weights
common-core-R-H-reference,6,included in archived map/trajectory weights
common-core-R-H-reference,7,included in archived map/trajectory weights
common-core-R-H-reference,8,included in archived map/trajectory weights
common-core-R-H-reference,9,included in archived map/trajectory weights
common-core-R-H-reference,10,included in archived map/trajectory weights
common-core-R-H-reference,11,included in archived map/trajectory weights
common-core-R-H-reference,12,included in archived map/trajectory weights
common-core-R-H-reference,13,included in archived map/trajectory weights
common-core-R-H-reference,14,included in archived map/trajectory weights
common-core-R-H-reference,15,included in archived map/trajectory weights
common-core-R-H-reference,16,included in archived map/trajectory weights
common-core-R-H-reference,17,included in archived map/trajectory weights
common-core-R-H-reference,18,included in archived map/trajectory weights
common-core-R-H-reference,19,included in archived map/trajectory weights
common-core-R-H-reference,20,included in archived map/trajectory weights
common-core-R-H-reference,21,included in archived map/trajectory weights
common-core-R-H-reference,22,included in archived map/trajectory weights
common-core-R-H-reference,23,included in archived map/trajectory weights
common-core-R-H-reference,24,included in archived map/trajectory weights
common-core-R-H-reference,25,included in archived map/trajectory weights
common-core-R-H-reference,26,included in archived map/trajectory weights
common-core-R-H-reference,27,included in archived map/trajectory weights
common-core-R-H-reference,28,included in archived map/trajectory weights
common-core-R-H-reference,29,included in archived map/trajectory weights
common-core-R-H-reference,30,included in archived map/trajectory weights
common-core-R-H-reference,31,included in archived map/trajectory weights
common-core-R-H-reference,32,included in archived map/trajectory weights
common-core-R-H-reference,33,included in archived map/trajectory weights
common-core-R-H-reference,34,included in archived map/trajectory weights
