system,frame,weight,weighting_method
benzoate,1,0.034482758620689655,uniform trajectory-frame weights; not Boltzmann populations
benzoate,2,0.034482758620689655,uniform trajectory-frame weights; not Boltzmann populations
benzoate,3,0.034482758620689655,uniform trajectory-frame weights; not Boltzmann populations
benzoate,4,0.034482758620689655,uniform trajectory-frame weights; not Boltzmann populations
benzoate,5,0.034482758620689655,uniform trajectory-frame weights; not Boltzmann populations
benzoate,6,0.034482758620689655,uniform trajectory-frame weights; not Boltzmann populations
benzoate,7,0.034482758620689655,uniform trajectory-frame weights; not Boltzmann populations
benzoate,8,0.034482758620689655,uniform trajectory-frame weights; not Boltzmann populations
benzoate,9,0.034482758620689655,uniform trajectory-frame weights; not Boltzmann populations
benzoate,10,0.034482758620689655,uniform trajectory-frame weights; not Boltzmann populations
benzoate,11,0.034482758620689655,uniform trajectory-frame weights; not Boltzmann populations
benzoate,12,0.034482758620689655,uniform trajectory-frame weights; not Boltzmann populations
benzoate,13,0.034482758620689655,uniform trajectory-frame weights; not Boltzmann populations
benzoate,14,0.034482758620689655,uniform trajectory-frame weights; not Boltzmann populations
benzoate,15,0.034482758620689655,uniform trajectory-frame weights; not Boltzmann populations
benzoate,16,0.034482758620689655,uniform trajectory-frame weights; not Boltzmann populations
benzoate,17,0.034482758620689655,uniform trajectory-frame weights; not Boltzmann populations
benzoate,18,0.034482758620689655,uniform trajectory-frame weights; not Boltzmann populations
benzoate,19,0.034482758620689655,uniform trajectory-frame weights; not Boltzmann populations
benzoate,20,0.034482758620689655,uniform trajectory-frame weights; not Boltzmann populations
benzoate,21,0.034482758620689655,uniform trajectory-frame weights; not Boltzmann populations
benzoate,22,0.034482758620689655,uniform trajectory-frame weights; not Boltzmann populations
benzoate,23,0.034482758620689655,uniform trajectory-frame weights; not Boltzmann populations
benzoate,24,0.034482758620689655,uniform trajectory-frame weights; not Boltzmann populations
benzoate,25,0.034482758620689655,uniform trajectory-frame weights; not Boltzmann populations
benzoate,26,0.034482758620689655,uniform trajectory-frame weights; not Boltzmann populations
benzoate,27,0.034482758620689655,uniform trajectory-frame weights; not Boltzmann populations
benzoate,28,0.034482758620689655,uniform trajectory-frame weights; not Boltzmann populations
benzoate,29,0.034482758620689655,uniform trajectory-frame weights; not Boltzmann populations
pivalate,1,0.029411764705882353,uniform trajectory-frame weights; not Boltzmann populations
pivalate,2,0.029411764705882353,uniform trajectory-frame weights; not Boltzmann populations
pivalate,3,0.029411764705882353,uniform trajectory-frame weights; not Boltzmann populations
pivalate,4,0.029411764705882353,uniform trajectory-frame weights; not Boltzmann populations
pivalate,5,0.029411764705882353,uniform trajectory-frame weights; not Boltzmann populations
pivalate,6,0.029411764705882353,uniform trajectory-frame weights; not Boltzmann populations
pivalate,7,0.029411764705882353,uniform trajectory-frame weights; not Boltzmann populations
pivalate,8,0.029411764705882353,uniform trajectory-frame weights; not Boltzmann populations
pivalate,9,0.029411764705882353,uniform trajectory-frame weights; not Boltzmann populations
pivalate,10,0.029411764705882353,uniform trajectory-frame weights; not Boltzmann populations
pivalate,11,0.029411764705882353,uniform trajectory-frame weights; not Boltzmann populations
pivalate,12,0.029411764705882353,uniform trajectory-frame weights; not Boltzmann populations
pivalate,13,0.029411764705882353,uniform trajectory-frame weights; not Boltzmann populations
pivalate,14,0.029411764705882353,uniform trajectory-frame weights; not Boltzmann populations
pivalate,15,0.029411764705882353,uniform trajectory-frame weights; not Boltzmann populations
pivalate,16,0.029411764705882353,uniform trajectory-frame weights; not Boltzmann populations
pivalate,17,0.029411764705882353,uniform trajectory-frame weights; not Boltzmann populations
pivalate,18,0.029411764705882353,uniform trajectory-frame weights; not Boltzmann populations
pivalate,19,0.029411764705882353,uniform trajectory-frame weights; not Boltzmann populations
pivalate,20,0.029411764705882353,uniform trajectory-frame weights; not Boltzmann populations
pivalate,21,0.029411764705882353,uniform trajectory-frame weights; not Boltzmann populations
pivalate,22,0.029411764705882353,uniform trajectory-frame weights; not Boltzmann populations
pivalate,23,0.029411764705882353,uniform trajectory-frame weights; not Boltzmann populations
pivalate,24,0.029411764705882353,uniform trajectory-frame weights; not Boltzmann populations
pivalate,25,0.029411764705882353,uniform trajectory-frame weights; not Boltzmann populations
pivalate,26,0.029411764705882353,uniform trajectory-frame weights; not Boltzmann populations
pivalate,27,0.029411764705882353,uniform trajectory-frame weights; not Boltzmann populations
pivalate,28,0.029411764705882353,uniform trajectory-frame weights; not Boltzmann populations
pivalate,29,0.029411764705882353,uniform trajectory-frame weights; not Boltzmann populations
pivalate,30,0.029411764705882353,uniform trajectory-frame weights; not Boltzmann populations
pivalate,31,0.029411764705882353,uniform trajectory-frame weights; not Boltzmann populations
pivalate,32,0.029411764705882353,uniform trajectory-frame weights; not Boltzmann populations
pivalate,33,0.029411764705882353,uniform trajectory-frame weights; not Boltzmann populations
pivalate,34,0.029411764705882353,uniform trajectory-frame weights; not Boltzmann populations
phenylacetate,1,0.030303030303030304,uniform trajectory-frame weights; not Boltzmann populations
phenylacetate,2,0.030303030303030304,uniform trajectory-frame weights; not Boltzmann populations
phenylacetate,3,0.030303030303030304,uniform trajectory-frame weights; not Boltzmann populations
phenylacetate,4,0.030303030303030304,uniform trajectory-frame weights; not Boltzmann populations
phenylacetate,5,0.030303030303030304,uniform trajectory-frame weights; not Boltzmann populations
phenylacetate,6,0.030303030303030304,uniform trajectory-frame weights; not Boltzmann populations
phenylacetate,7,0.030303030303030304,uniform trajectory-frame weights; not Boltzmann populations
phenylacetate,8,0.030303030303030304,uniform trajectory-frame weights; not Boltzmann populations
phenylacetate,9,0.030303030303030304,uniform trajectory-frame weights; not Boltzmann populations
phenylacetate,10,0.030303030303030304,uniform trajectory-frame weights; not Boltzmann populations
phenylacetate,11,0.030303030303030304,uniform trajectory-frame weights; not Boltzmann populations
phenylacetate,12,0.030303030303030304,uniform trajectory-frame weights; not Boltzmann populations
phenylacetate,13,0.030303030303030304,uniform trajectory-frame weights; not Boltzmann populations
phenylacetate,14,0.030303030303030304,uniform trajectory-frame weights; not Boltzmann populations
phenylacetate,15,0.030303030303030304,uniform trajectory-frame weights; not Boltzmann populations
phenylacetate,16,0.030303030303030304,uniform trajectory-frame weights; not Boltzmann populations
phenylacetate,17,0.030303030303030304,uniform trajectory-frame weights; not Boltzmann populations
phenylacetate,18,0.030303030303030304,uniform trajectory-frame weights; not Boltzmann populations
phenylacetate,19,0.030303030303030304,uniform trajectory-frame weights; not Boltzmann populations
phenylacetate,20,0.030303030303030304,uniform trajectory-frame weights; not Boltzmann populations
phenylacetate,21,0.030303030303030304,uniform trajectory-frame weights; not Boltzmann populations
phenylacetate,22,0.030303030303030304,uniform trajectory-frame weights; not Boltzmann populations
phenylacetate,23,0.030303030303030304,uniform trajectory-frame weights; not Boltzmann populations
phenylacetate,24,0.030303030303030304,uniform trajectory-frame weights; not Boltzmann populations
phenylacetate,25,0.030303030303030304,uniform trajectory-frame weights; not Boltzmann populations
phenylacetate,26,0.030303030303030304,uniform trajectory-frame weights; not Boltzmann populations
phenylacetate,27,0.030303030303030304,uniform trajectory-frame weights; not Boltzmann populations
phenylacetate,28,0.030303030303030304,uniform trajectory-frame weights; not Boltzmann populations
phenylacetate,29,0.030303030303030304,uniform trajectory-frame weights; not Boltzmann populations
phenylacetate,30,0.030303030303030304,uniform trajectory-frame weights; not Boltzmann populations
phenylacetate,31,0.030303030303030304,uniform trajectory-frame weights; not Boltzmann populations
phenylacetate,32,0.030303030303030304,uniform trajectory-frame weights; not Boltzmann populations
phenylacetate,33,0.030303030303030304,uniform trajectory-frame weights; not Boltzmann populations
para-CF3-benzoate,1,0.015873015873015872,uniform trajectory-frame weights; not Boltzmann populations
para-CF3-benzoate,2,0.015873015873015872,uniform trajectory-frame weights; not Boltzmann populations
para-CF3-benzoate,3,0.015873015873015872,uniform trajectory-frame weights; not Boltzmann populations
para-CF3-benzoate,4,0.015873015873015872,uniform trajectory-frame weights; not Boltzmann populations
para-CF3-benzoate,5,0.015873015873015872,uniform trajectory-frame weights; not Boltzmann populations
para-CF3-benzoate,6,0.015873015873015872,uniform trajectory-frame weights; not Boltzmann populations
para-CF3-benzoate,7,0.015873015873015872,uniform trajectory-frame weights; not Boltzmann populations
para-CF3-benzoate,8,0.015873015873015872,uniform trajectory-frame weights; not Boltzmann populations
para-CF3-benzoate,9,0.015873015873015872,uniform trajectory-frame weights; not Boltzmann populations
para-CF3-benzoate,10,0.015873015873015872,uniform trajectory-frame weights; not Boltzmann populations
para-CF3-benzoate,11,0.015873015873015872,uniform trajectory-frame weights; not Boltzmann populations
para-CF3-benzoate,12,0.015873015873015872,uniform trajectory-frame weights; not Boltzmann populations
para-CF3-benzoate,13,0.015873015873015872,uniform trajectory-frame weights; not Boltzmann populations
para-CF3-benzoate,14,0.015873015873015872,uniform trajectory-frame weights; not Boltzmann populations
para-CF3-benzoate,15,0.015873015873015872,uniform trajectory-frame weights; not Boltzmann populations
para-CF3-benzoate,16,0.015873015873015872,uniform trajectory-frame weights; not Boltzmann populations
para-CF3-benzoate,17,0.015873015873015872,uniform trajectory-frame weights; not Boltzmann populations
para-CF3-benzoate,18,0.015873015873015872,uniform trajectory-frame weights; not Boltzmann populations
para-CF3-benzoate,19,0.015873015873015872,uniform trajectory-frame weights; not Boltzmann populations
para-CF3-benzoate,20,0.015873015873015872,uniform trajectory-frame weights; not Boltzmann populations
para-CF3-benzoate,21,0.015873015873015872,uniform trajectory-frame weights; not Boltzmann populations
para-CF3-benzoate,22,0.015873015873015872,uniform trajectory-frame weights; not Boltzmann populations
para-CF3-benzoate,23,0.015873015873015872,uniform trajectory-frame weights; not Boltzmann populations
para-CF3-benzoate,24,0.015873015873015872,uniform trajectory-frame weights; not Boltzmann populations
para-CF3-benzoate,25,0.015873015873015872,uniform trajectory-frame weights; not Boltzmann populations
para-CF3-benzoate,26,0.015873015873015872,uniform trajectory-frame weights; not Boltzmann populations
para-CF3-benzoate,27,0.015873015873015872,uniform trajectory-frame weights; not Boltzmann populations
para-CF3-benzoate,28,0.015873015873015872,uniform trajectory-frame weights; not Boltzmann populations
para-CF3-benzoate,29,0.015873015873015872,uniform trajectory-frame weights; not Boltzmann populations
para-CF3-benzoate,30,0.015873015873015872,uniform trajectory-frame weights; not Boltzmann populations
para-CF3-benzoate,31,0.015873015873015872,uniform trajectory-frame weights; not Boltzmann populations
para-CF3-benzoate,32,0.015873015873015872,uniform trajectory-frame weights; not Boltzmann populations
para-CF3-benzoate,33,0.015873015873015872,uniform trajectory-frame weights; not Boltzmann populations
para-CF3-benzoate,34,0.015873015873015872,uniform trajectory-frame weights; not Boltzmann populations
para-CF3-benzoate,35,0.015873015873015872,uniform trajectory-frame weights; not Boltzmann populations
para-CF3-benzoate,36,0.015873015873015872,uniform trajectory-frame weights; not Boltzmann populations
para-CF3-benzoate,37,0.015873015873015872,uniform trajectory-frame weights; not Boltzmann populations
para-CF3-benzoate,38,0.015873015873015872,uniform trajectory-frame weights; not Boltzmann populations
para-CF3-benzoate,39,0.015873015873015872,uniform trajectory-frame weights; not Boltzmann populations
para-CF3-benzoate,40,0.015873015873015872,uniform trajectory-frame weights; not Boltzmann populations
para-CF3-benzoate,41,0.015873015873015872,uniform trajectory-frame weights; not Boltzmann populations
para-CF3-benzoate,42,0.015873015873015872,uniform trajectory-frame weights; not Boltzmann populations
para-CF3-benzoate,43,0.015873015873015872,uniform trajectory-frame weights; not Boltzmann populations
para-CF3-benzoate,44,0.015873015873015872,uniform trajectory-frame weights; not Boltzmann populations
para-CF3-benzoate,45,0.015873015873015872,uniform trajectory-frame weights; not Boltzmann populations
para-CF3-benzoate,46,0.015873015873015872,uniform trajectory-frame weights; not Boltzmann populations
para-CF3-benzoate,47,0.015873015873015872,uniform trajectory-frame weights; not Boltzmann populations
para-CF3-benzoate,48,0.015873015873015872,uniform trajectory-frame weights; not Boltzmann populations
para-CF3-benzoate,49,0.015873015873015872,uniform trajectory-frame weights; not Boltzmann populations
para-CF3-benzoate,50,0.015873015873015872,uniform trajectory-frame weights; not Boltzmann populations
para-CF3-benzoate,51,0.015873015873015872,uniform trajectory-frame weights; not Boltzmann populations
para-CF3-benzoate,52,0.015873015873015872,uniform trajectory-frame weights; not Boltzmann populations
para-CF3-benzoate,53,0.015873015873015872,uniform trajectory-frame weights; not Boltzmann populations
para-CF3-benzoate,54,0.015873015873015872,uniform trajectory-frame weights; not Boltzmann populations
para-CF3-benzoate,55,0.015873015873015872,uniform trajectory-frame weights; not Boltzmann populations
para-CF3-benzoate,56,0.015873015873015872,uniform trajectory-frame weights; not Boltzmann populations
para-CF3-benzoate,57,0.015873015873015872,uniform trajectory-frame weights; not Boltzmann populations
para-CF3-benzoate,58,0.015873015873015872,uniform trajectory-frame weights; not Boltzmann populations
para-CF3-benzoate,59,0.015873015873015872,uniform trajectory-frame weights; not Boltzmann populations
para-CF3-benzoate,60,0.015873015873015872,uniform trajectory-frame weights; not Boltzmann populations
para-CF3-benzoate,61,0.015873015873015872,uniform trajectory-frame weights; not Boltzmann populations
para-CF3-benzoate,62,0.015873015873015872,uniform trajectory-frame weights; not Boltzmann populations
para-CF3-benzoate,63,0.015873015873015872,uniform trajectory-frame weights; not Boltzmann populations
para-OMe-benzoate,1,0.020833333333333332,uniform trajectory-frame weights; not Boltzmann populations
para-OMe-benzoate,2,0.020833333333333332,uniform trajectory-frame weights; not Boltzmann populations
para-OMe-benzoate,3,0.020833333333333332,uniform trajectory-frame weights; not Boltzmann populations
para-OMe-benzoate,4,0.020833333333333332,uniform trajectory-frame weights; not Boltzmann populations
para-OMe-benzoate,5,0.020833333333333332,uniform trajectory-frame weights; not Boltzmann populations
para-OMe-benzoate,6,0.020833333333333332,uniform trajectory-frame weights; not Boltzmann populations
para-OMe-benzoate,7,0.020833333333333332,uniform trajectory-frame weights; not Boltzmann populations
para-OMe-benzoate,8,0.020833333333333332,uniform trajectory-frame weights; not Boltzmann populations
para-OMe-benzoate,9,0.020833333333333332,uniform trajectory-frame weights; not Boltzmann populations
para-OMe-benzoate,10,0.020833333333333332,uniform trajectory-frame weights; not Boltzmann populations
para-OMe-benzoate,11,0.020833333333333332,uniform trajectory-frame weights; not Boltzmann populations
para-OMe-benzoate,12,0.020833333333333332,uniform trajectory-frame weights; not Boltzmann populations
para-OMe-benzoate,13,0.020833333333333332,uniform trajectory-frame weights; not Boltzmann populations
para-OMe-benzoate,14,0.020833333333333332,uniform trajectory-frame weights; not Boltzmann populations
para-OMe-benzoate,15,0.020833333333333332,uniform trajectory-frame weights; not Boltzmann populations
para-OMe-benzoate,16,0.020833333333333332,uniform trajectory-frame weights; not Boltzmann populations
para-OMe-benzoate,17,0.020833333333333332,uniform trajectory-frame weights; not Boltzmann populations
para-OMe-benzoate,18,0.020833333333333332,uniform trajectory-frame weights; not Boltzmann populations
para-OMe-benzoate,19,0.020833333333333332,uniform trajectory-frame weights; not Boltzmann populations
para-OMe-benzoate,20,0.020833333333333332,uniform trajectory-frame weights; not Boltzmann populations
para-OMe-benzoate,21,0.020833333333333332,uniform trajectory-frame weights; not Boltzmann populations
para-OMe-benzoate,22,0.020833333333333332,uniform trajectory-frame weights; not Boltzmann populations
para-OMe-benzoate,23,0.020833333333333332,uniform trajectory-frame weights; not Boltzmann populations
para-OMe-benzoate,24,0.020833333333333332,uniform trajectory-frame weights; not Boltzmann populations
para-OMe-benzoate,25,0.020833333333333332,uniform trajectory-frame weights; not Boltzmann populations
para-OMe-benzoate,26,0.020833333333333332,uniform trajectory-frame weights; not Boltzmann populations
para-OMe-benzoate,27,0.020833333333333332,uniform trajectory-frame weights; not Boltzmann populations
para-OMe-benzoate,28,0.020833333333333332,uniform trajectory-frame weights; not Boltzmann populations
para-OMe-benzoate,29,0.020833333333333332,uniform trajectory-frame weights; not Boltzmann populations
para-OMe-benzoate,30,0.020833333333333332,uniform trajectory-frame weights; not Boltzmann populations
para-OMe-benzoate,31,0.020833333333333332,uniform trajectory-frame weights; not Boltzmann populations
para-OMe-benzoate,32,0.020833333333333332,uniform trajectory-frame weights; not Boltzmann populations
para-OMe-benzoate,33,0.020833333333333332,uniform trajectory-frame weights; not Boltzmann populations
para-OMe-benzoate,34,0.020833333333333332,uniform trajectory-frame weights; not Boltzmann populations
para-OMe-benzoate,35,0.020833333333333332,uniform trajectory-frame weights; not Boltzmann populations
para-OMe-benzoate,36,0.020833333333333332,uniform trajectory-frame weights; not Boltzmann populations
para-OMe-benzoate,37,0.020833333333333332,uniform trajectory-frame weights; not Boltzmann populations
para-OMe-benzoate,38,0.020833333333333332,uniform trajectory-frame weights; not Boltzmann populations
para-OMe-benzoate,39,0.020833333333333332,uniform trajectory-frame weights; not Boltzmann populations
para-OMe-benzoate,40,0.020833333333333332,uniform trajectory-frame weights; not Boltzmann populations
para-OMe-benzoate,41,0.020833333333333332,uniform trajectory-frame weights; not Boltzmann populations
para-OMe-benzoate,42,0.020833333333333332,uniform trajectory-frame weights; not Boltzmann populations
para-OMe-benzoate,43,0.020833333333333332,uniform trajectory-frame weights; not Boltzmann populations
para-OMe-benzoate,44,0.020833333333333332,uniform trajectory-frame weights; not Boltzmann populations
para-OMe-benzoate,45,0.020833333333333332,uniform trajectory-frame weights; not Boltzmann populations
para-OMe-benzoate,46,0.020833333333333332,uniform trajectory-frame weights; not Boltzmann populations
para-OMe-benzoate,47,0.020833333333333332,uniform trajectory-frame weights; not Boltzmann populations
para-OMe-benzoate,48,0.020833333333333332,uniform trajectory-frame weights; not Boltzmann populations
para-tBu-benzoate,1,0.013333333333333334,uniform trajectory-frame weights; not Boltzmann populations
para-tBu-benzoate,2,0.013333333333333334,uniform trajectory-frame weights; not Boltzmann populations
para-tBu-benzoate,3,0.013333333333333334,uniform trajectory-frame weights; not Boltzmann populations
para-tBu-benzoate,4,0.013333333333333334,uniform trajectory-frame weights; not Boltzmann populations
para-tBu-benzoate,5,0.013333333333333334,uniform trajectory-frame weights; not Boltzmann populations
para-tBu-benzoate,6,0.013333333333333334,uniform trajectory-frame weights; not Boltzmann populations
para-tBu-benzoate,7,0.013333333333333334,uniform trajectory-frame weights; not Boltzmann populations
para-tBu-benzoate,8,0.013333333333333334,uniform trajectory-frame weights; not Boltzmann populations
para-tBu-benzoate,9,0.013333333333333334,uniform trajectory-frame weights; not Boltzmann populations
para-tBu-benzoate,10,0.013333333333333334,uniform trajectory-frame weights; not Boltzmann populations
para-tBu-benzoate,11,0.013333333333333334,uniform trajectory-frame weights; not Boltzmann populations
para-tBu-benzoate,12,0.013333333333333334,uniform trajectory-frame weights; not Boltzmann populations
para-tBu-benzoate,13,0.013333333333333334,uniform trajectory-frame weights; not Boltzmann populations
para-tBu-benzoate,14,0.013333333333333334,uniform trajectory-frame weights; not Boltzmann populations
para-tBu-benzoate,15,0.013333333333333334,uniform trajectory-frame weights; not Boltzmann populations
para-tBu-benzoate,16,0.013333333333333334,uniform trajectory-frame weights; not Boltzmann populations
para-tBu-benzoate,17,0.013333333333333334,uniform trajectory-frame weights; not Boltzmann populations
para-tBu-benzoate,18,0.013333333333333334,uniform trajectory-frame weights; not Boltzmann populations
para-tBu-benzoate,19,0.013333333333333334,uniform trajectory-frame weights; not Boltzmann populations
para-tBu-benzoate,20,0.013333333333333334,uniform trajectory-frame weights; not Boltzmann populations
para-tBu-benzoate,21,0.013333333333333334,uniform trajectory-frame weights; not Boltzmann populations
para-tBu-benzoate,22,0.013333333333333334,uniform trajectory-frame weights; not Boltzmann populations
para-tBu-benzoate,23,0.013333333333333334,uniform trajectory-frame weights; not Boltzmann populations
para-tBu-benzoate,24,0.013333333333333334,uniform trajectory-frame weights; not Boltzmann populations
para-tBu-benzoate,25,0.013333333333333334,uniform trajectory-frame weights; not Boltzmann populations
para-tBu-benzoate,26,0.013333333333333334,uniform trajectory-frame weights; not Boltzmann populations
para-tBu-benzoate,27,0.013333333333333334,uniform trajectory-frame weights; not Boltzmann populations
para-tBu-benzoate,28,0.013333333333333334,uniform trajectory-frame weights; not Boltzmann populations
para-tBu-benzoate,29,0.013333333333333334,uniform trajectory-frame weights; not Boltzmann populations
para-tBu-benzoate,30,0.013333333333333334,uniform trajectory-frame weights; not Boltzmann populations
para-tBu-benzoate,31,0.013333333333333334,uniform trajectory-frame weights; not Boltzmann populations
para-tBu-benzoate,32,0.013333333333333334,uniform trajectory-frame weights; not Boltzmann populations
para-tBu-benzoate,33,0.013333333333333334,uniform trajectory-frame weights; not Boltzmann populations
para-tBu-benzoate,34,0.013333333333333334,uniform trajectory-frame weights; not Boltzmann populations
para-tBu-benzoate,35,0.013333333333333334,uniform trajectory-frame weights; not Boltzmann populations
para-tBu-benzoate,36,0.013333333333333334,uniform trajectory-frame weights; not Boltzmann populations
para-tBu-benzoate,37,0.013333333333333334,uniform trajectory-frame weights; not Boltzmann populations
para-tBu-benzoate,38,0.013333333333333334,uniform trajectory-frame weights; not Boltzmann populations
para-tBu-benzoate,39,0.013333333333333334,uniform trajectory-frame weights; not Boltzmann populations
para-tBu-benzoate,40,0.013333333333333334,uniform trajectory-frame weights; not Boltzmann populations
para-tBu-benzoate,41,0.013333333333333334,uniform trajectory-frame weights; not Boltzmann populations
para-tBu-benzoate,42,0.013333333333333334,uniform trajectory-frame weights; not Boltzmann populations
para-tBu-benzoate,43,0.013333333333333334,uniform trajectory-frame weights; not Boltzmann populations
para-tBu-benzoate,44,0.013333333333333334,uniform trajectory-frame weights; not Boltzmann populations
para-tBu-benzoate,45,0.013333333333333334,uniform trajectory-frame weights; not Boltzmann populations
para-tBu-benzoate,46,0.013333333333333334,uniform trajectory-frame weights; not Boltzmann populations
para-tBu-benzoate,47,0.013333333333333334,uniform trajectory-frame weights; not Boltzmann populations
para-tBu-benzoate,48,0.013333333333333334,uniform trajectory-frame weights; not Boltzmann populations
para-tBu-benzoate,49,0.013333333333333334,uniform trajectory-frame weights; not Boltzmann populations
para-tBu-benzoate,50,0.013333333333333334,uniform trajectory-frame weights; not Boltzmann populations
para-tBu-benzoate,51,0.013333333333333334,uniform trajectory-frame weights; not Boltzmann populations
para-tBu-benzoate,52,0.013333333333333334,uniform trajectory-frame weights; not Boltzmann populations
para-tBu-benzoate,53,0.013333333333333334,uniform trajectory-frame weights; not Boltzmann populations
para-tBu-benzoate,54,0.013333333333333334,uniform trajectory-frame weights; not Boltzmann populations
para-tBu-benzoate,55,0.013333333333333334,uniform trajectory-frame weights; not Boltzmann populations
para-tBu-benzoate,56,0.013333333333333334,uniform trajectory-frame weights; not Boltzmann populations
para-tBu-benzoate,57,0.013333333333333334,uniform trajectory-frame weights; not Boltzmann populations
para-tBu-benzoate,58,0.013333333333333334,uniform trajectory-frame weights; not Boltzmann populations
para-tBu-benzoate,59,0.013333333333333334,uniform trajectory-frame weights; not Boltzmann populations
para-tBu-benzoate,60,0.013333333333333334,uniform trajectory-frame weights; not Boltzmann populations
para-tBu-benzoate,61,0.013333333333333334,uniform trajectory-frame weights; not Boltzmann populations
para-tBu-benzoate,62,0.013333333333333334,uniform trajectory-frame weights; not Boltzmann populations
para-tBu-benzoate,63,0.013333333333333334,uniform trajectory-frame weights; not Boltzmann populations
para-tBu-benzoate,64,0.013333333333333334,uniform trajectory-frame weights; not Boltzmann populations
para-tBu-benzoate,65,0.013333333333333334,uniform trajectory-frame weights; not Boltzmann populations
para-tBu-benzoate,66,0.013333333333333334,uniform trajectory-frame weights; not Boltzmann populations
para-tBu-benzoate,67,0.013333333333333334,uniform trajectory-frame weights; not Boltzmann populations
para-tBu-benzoate,68,0.013333333333333334,uniform trajectory-frame weights; not Boltzmann populations
para-tBu-benzoate,69,0.013333333333333334,uniform trajectory-frame weights; not Boltzmann populations
para-tBu-benzoate,70,0.013333333333333334,uniform trajectory-frame weights; not Boltzmann populations
para-tBu-benzoate,71,0.013333333333333334,uniform trajectory-frame weights; not Boltzmann populations
para-tBu-benzoate,72,0.013333333333333334,uniform trajectory-frame weights; not Boltzmann populations
para-tBu-benzoate,73,0.013333333333333334,uniform trajectory-frame weights; not Boltzmann populations
para-tBu-benzoate,74,0.013333333333333334,uniform trajectory-frame weights; not Boltzmann populations
para-tBu-benzoate,75,0.013333333333333334,uniform trajectory-frame weights; not Boltzmann populations
35-di-tBu-benzoate,1,0.034482758620689655,uniform trajectory-frame weights; not Boltzmann populations
35-di-tBu-benzoate,2,0.034482758620689655,uniform trajectory-frame weights; not Boltzmann populations
35-di-tBu-benzoate,3,0.034482758620689655,uniform trajectory-frame weights; not Boltzmann populations
35-di-tBu-benzoate,4,0.034482758620689655,uniform trajectory-frame weights; not Boltzmann populations
35-di-tBu-benzoate,5,0.034482758620689655,uniform trajectory-frame weights; not Boltzmann populations
35-di-tBu-benzoate,6,0.034482758620689655,uniform trajectory-frame weights; not Boltzmann populations
35-di-tBu-benzoate,7,0.034482758620689655,uniform trajectory-frame weights; not Boltzmann populations
35-di-tBu-benzoate,8,0.034482758620689655,uniform trajectory-frame weights; not Boltzmann populations
35-di-tBu-benzoate,9,0.034482758620689655,uniform trajectory-frame weights; not Boltzmann populations
35-di-tBu-benzoate,10,0.034482758620689655,uniform trajectory-frame weights; not Boltzmann populations
35-di-tBu-benzoate,11,0.034482758620689655,uniform trajectory-frame weights; not Boltzmann populations
35-di-tBu-benzoate,12,0.034482758620689655,uniform trajectory-frame weights; not Boltzmann populations
35-di-tBu-benzoate,13,0.034482758620689655,uniform trajectory-frame weights; not Boltzmann populations
35-di-tBu-benzoate,14,0.034482758620689655,uniform trajectory-frame weights; not Boltzmann populations
35-di-tBu-benzoate,15,0.034482758620689655,uniform trajectory-frame weights; not Boltzmann populations
35-di-tBu-benzoate,16,0.034482758620689655,uniform trajectory-frame weights; not Boltzmann populations
35-di-tBu-benzoate,17,0.034482758620689655,uniform trajectory-frame weights; not Boltzmann populations
35-di-tBu-benzoate,18,0.034482758620689655,uniform trajectory-frame weights; not Boltzmann populations
35-di-tBu-benzoate,19,0.034482758620689655,uniform trajectory-frame weights; not Boltzmann populations
35-di-tBu-benzoate,20,0.034482758620689655,uniform trajectory-frame weights; not Boltzmann populations
35-di-tBu-benzoate,21,0.034482758620689655,uniform trajectory-frame weights; not Boltzmann populations
35-di-tBu-benzoate,22,0.034482758620689655,uniform trajectory-frame weights; not Boltzmann populations
35-di-tBu-benzoate,23,0.034482758620689655,uniform trajectory-frame weights; not Boltzmann populations
35-di-tBu-benzoate,24,0.034482758620689655,uniform trajectory-frame weights; not Boltzmann populations
35-di-tBu-benzoate,25,0.034482758620689655,uniform trajectory-frame weights; not Boltzmann populations
35-di-tBu-benzoate,26,0.034482758620689655,uniform trajectory-frame weights; not Boltzmann populations
35-di-tBu-benzoate,27,0.034482758620689655,uniform trajectory-frame weights; not Boltzmann populations
35-di-tBu-benzoate,28,0.034482758620689655,uniform trajectory-frame weights; not Boltzmann populations
35-di-tBu-benzoate,29,0.034482758620689655,uniform trajectory-frame weights; not Boltzmann populations
common-core-R-H-reference,1,0.029411764705882353,uniform trajectory-frame weights; not Boltzmann populations
common-core-R-H-reference,2,0.029411764705882353,uniform trajectory-frame weights; not Boltzmann populations
common-core-R-H-reference,3,0.029411764705882353,uniform trajectory-frame weights; not Boltzmann populations
common-core-R-H-reference,4,0.029411764705882353,uniform trajectory-frame weights; not Boltzmann populations
common-core-R-H-reference,5,0.029411764705882353,uniform trajectory-frame weights; not Boltzmann populations
common-core-R-H-reference,6,0.029411764705882353,uniform trajectory-frame weights; not Boltzmann populations
common-core-R-H-reference,7,0.029411764705882353,uniform trajectory-frame weights; not Boltzmann populations
common-core-R-H-reference,8,0.029411764705882353,uniform trajectory-frame weights; not Boltzmann populations
common-core-R-H-reference,9,0.029411764705882353,uniform trajectory-frame weights; not Boltzmann populations
common-core-R-H-reference,10,0.029411764705882353,uniform trajectory-frame weights; not Boltzmann populations
common-core-R-H-reference,11,0.029411764705882353,uniform trajectory-frame weights; not Boltzmann populations
common-core-R-H-reference,12,0.029411764705882353,uniform trajectory-frame weights; not Boltzmann populations
common-core-R-H-reference,13,0.029411764705882353,uniform trajectory-frame weights; not Boltzmann populations
common-core-R-H-reference,14,0.029411764705882353,uniform trajectory-frame weights; not Boltzmann populations
common-core-R-H-reference,15,0.029411764705882353,uniform trajectory-frame weights; not Boltzmann populations
common-core-R-H-reference,16,0.029411764705882353,uniform trajectory-frame weights; not Boltzmann populations
common-core-R-H-reference,17,0.029411764705882353,uniform trajectory-frame weights; not Boltzmann populations
common-core-R-H-reference,18,0.029411764705882353,uniform trajectory-frame weights; not Boltzmann populations
common-core-R-H-reference,19,0.029411764705882353,uniform trajectory-frame weights; not Boltzmann populations
common-core-R-H-reference,20,0.029411764705882353,uniform trajectory-frame weights; not Boltzmann populations
common-core-R-H-reference,21,0.029411764705882353,uniform trajectory-frame weights; not Boltzmann populations
common-core-R-H-reference,22,0.029411764705882353,uniform trajectory-frame weights; not Boltzmann populations
common-core-R-H-reference,23,0.029411764705882353,uniform trajectory-frame weights; not Boltzmann populations
common-core-R-H-reference,24,0.029411764705882353,uniform trajectory-frame weights; not Boltzmann populations
common-core-R-H-reference,25,0.029411764705882353,uniform trajectory-frame weights; not Boltzmann populations
common-core-R-H-reference,26,0.029411764705882353,uniform trajectory-frame weights; not Boltzmann populations
common-core-R-H-reference,27,0.029411764705882353,uniform trajectory-frame weights; not Boltzmann populations
common-core-R-H-reference,28,0.029411764705882353,uniform trajectory-frame weights; not Boltzmann populations
common-core-R-H-reference,29,0.029411764705882353,uniform trajectory-frame weights; not Boltzmann populations
common-core-R-H-reference,30,0.029411764705882353,uniform trajectory-frame weights; not Boltzmann populations
common-core-R-H-reference,31,0.029411764705882353,uniform trajectory-frame weights; not Boltzmann populations
common-core-R-H-reference,32,0.029411764705882353,uniform trajectory-frame weights; not Boltzmann populations
common-core-R-H-reference,33,0.029411764705882353,uniform trajectory-frame weights; not Boltzmann populations
common-core-R-H-reference,34,0.029411764705882353,uniform trajectory-frame weights; not Boltzmann populations
